user,tier,model,threshold_policy,seed,accept_threshold,n_genuine_sessions,n_imposter_sessions,TAR_window,TAR_session,FAR_window,FAR_session
user12,T0,T0_DistanceProfile,calibration_FAR<=0.10,0,0.6316890194986989,56,49,0.40461215932914046,0.35714285714285715,0.19536423841059603,0.10204081632653061
user12,T0,T0_DistanceProfile,calibration_FAR<=0.10_floor_0.05,0,0.6316890194986989,56,49,0.40461215932914046,0.35714285714285715,0.19536423841059603,0.10204081632653061
user12,T1,T1_LogReg,calibration_FAR<=0.10,0,0.5675743417540559,56,49,0.7672955974842768,0.9285714285714286,0.32450331125827814,0.3673469387755102
user12,T1,T1_LogReg,calibration_FAR<=0.10_floor_0.05,0,0.5675743417540559,56,49,0.7672955974842768,0.9285714285714286,0.32450331125827814,0.3673469387755102
user12,T1,T1_SVM_RBF,calibration_FAR<=0.10,0,0.3722052426664812,56,49,0.7882599580712788,0.9642857142857143,0.33112582781456956,0.3673469387755102
user12,T1,T1_SVM_RBF,calibration_FAR<=0.10_floor_0.05,0,0.3722052426664812,56,49,0.7882599580712788,0.9642857142857143,0.33112582781456956,0.3673469387755102
user12,T1,T1_kNN,calibration_FAR<=0.10,0,0.6,56,49,0.6016771488469602,0.8214285714285714,0.25496688741721857,0.16326530612244897
user12,T1,T1_kNN,calibration_FAR<=0.10_floor_0.05,0,0.6,56,49,0.6016771488469602,0.8214285714285714,0.25496688741721857,0.16326530612244897
user12,T1,T1_DecisionTree,calibration_FAR<=0.10,0,1.0000000000000002,56,49,0.0,0.0,0.0,0.0
user12,T1,T1_DecisionTree,calibration_FAR<=0.10_floor_0.05,0,1.0000000000000002,56,49,0.0,0.0,0.0,0.0
user12,T2,T2_RandomForest,calibration_FAR<=0.10,0,0.38,56,49,0.7714884696016772,0.9642857142857143,0.3344370860927152,0.3877551020408163
user12,T2,T2_RandomForest,calibration_FAR<=0.10_floor_0.05,0,0.38,56,49,0.7714884696016772,0.9642857142857143,0.3344370860927152,0.3877551020408163
user12,T2,T2_ExtraTrees,calibration_FAR<=0.10,0,0.39666666666666667,56,49,0.7672955974842768,0.9821428571428571,0.3344370860927152,0.3673469387755102
user12,T2,T2_ExtraTrees,calibration_FAR<=0.10_floor_0.05,0,0.39666666666666667,56,49,0.7672955974842768,0.9821428571428571,0.3344370860927152,0.3673469387755102
user12,T2,T2_GradientBoosting,calibration_FAR<=0.10,0,0.36151154533744784,56,49,0.7547169811320755,0.9464285714285714,0.3211920529801324,0.3469387755102041
user12,T2,T2_GradientBoosting,calibration_FAR<=0.10_floor_0.05,0,0.36151154533744784,56,49,0.7547169811320755,0.9464285714285714,0.3211920529801324,0.3469387755102041
user12,T2,T2_XGBoost,calibration_FAR<=0.10,0,0.2673075795173645,56,49,0.8259958071278826,0.9821428571428571,0.3443708609271523,0.3673469387755102
user12,T2,T2_XGBoost,calibration_FAR<=0.10_floor_0.05,0,0.2673075795173645,56,49,0.8259958071278826,0.9821428571428571,0.3443708609271523,0.3673469387755102
user12,T3,T3_1D_CNN,calibration_FAR<=0.10,0,0.5158219933509827,56,49,0.7924528301886793,0.9642857142857143,0.31125827814569534,0.2653061224489796
user12,T3,T3_1D_CNN,calibration_FAR<=0.10_floor_0.05,0,0.5158219933509827,56,49,0.7924528301886793,0.9642857142857143,0.31125827814569534,0.2653061224489796
user15,T0,T0_DistanceProfile,calibration_FAR<=0.10,0,0.6455099028719449,45,70,0.29473684210526313,0.3333333333333333,0.09933774834437085,0.02857142857142857
user15,T0,T0_DistanceProfile,calibration_FAR<=0.10_floor_0.05,0,0.6455099028719449,45,70,0.29473684210526313,0.3333333333333333,0.09933774834437085,0.02857142857142857
user15,T1,T1_LogReg,calibration_FAR<=0.10,0,0.5189544175110958,45,70,0.8807017543859649,0.9555555555555556,0.19205298013245034,0.11428571428571428
user15,T1,T1_LogReg,calibration_FAR<=0.10_floor_0.05,0,0.5189544175110958,45,70,0.8807017543859649,0.9555555555555556,0.19205298013245034,0.11428571428571428
user15,T1,T1_SVM_RBF,calibration_FAR<=0.10,0,0.26025685159212164,45,70,0.8771929824561403,0.9777777777777777,0.22958057395143489,0.2
user15,T1,T1_SVM_RBF,calibration_FAR<=0.10_floor_0.05,0,0.26025685159212164,45,70,0.8771929824561403,0.9777777777777777,0.22958057395143489,0.2
user15,T1,T1_kNN,calibration_FAR<=0.10,0,0.6,45,70,0.5508771929824562,0.6,0.13024282560706402,0.08571428571428572
user15,T1,T1_kNN,calibration_FAR<=0.10_floor_0.05,0,0.6,45,70,0.5508771929824562,0.6,0.13024282560706402,0.08571428571428572
user15,T1,T1_DecisionTree,calibration_FAR<=0.10,0,1.0000000000000002,45,70,0.0,0.0,0.0,0.0
user15,T1,T1_DecisionTree,calibration_FAR<=0.10_floor_0.05,0,1.0000000000000002,45,70,0.0,0.0,0.0,0.0
user15,T2,T2_RandomForest,calibration_FAR<=0.10,0,0.31666666666666665,45,70,0.7789473684210526,0.8888888888888888,0.1545253863134658,0.1
user15,T2,T2_RandomForest,calibration_FAR<=0.10_floor_0.05,0,0.31666666666666665,45,70,0.7789473684210526,0.8888888888888888,0.1545253863134658,0.1
user15,T2,T2_ExtraTrees,calibration_FAR<=0.10,0,0.3233333333333333,45,70,0.8350877192982457,0.9333333333333333,0.17439293598233996,0.15714285714285714
user15,T2,T2_ExtraTrees,calibration_FAR<=0.10_floor_0.05,0,0.3233333333333333,45,70,0.8350877192982457,0.9333333333333333,0.17439293598233996,0.15714285714285714
user15,T2,T2_GradientBoosting,calibration_FAR<=0.10,0,0.3328106747974735,45,70,0.7543859649122807,0.9333333333333333,0.10154525386313466,0.05714285714285714
user15,T2,T2_GradientBoosting,calibration_FAR<=0.10_floor_0.05,0,0.3328106747974735,45,70,0.7543859649122807,0.9333333333333333,0.10154525386313466,0.05714285714285714
user15,T2,T2_XGBoost,calibration_FAR<=0.10,0,0.23760046064853668,45,70,0.8245614035087719,0.9555555555555556,0.1434878587196468,0.08571428571428572
user15,T2,T2_XGBoost,calibration_FAR<=0.10_floor_0.05,0,0.23760046064853668,45,70,0.8245614035087719,0.9555555555555556,0.1434878587196468,0.08571428571428572
user15,T3,T3_1D_CNN,calibration_FAR<=0.10,0,0.44417673349380493,45,70,0.8736842105263158,0.9777777777777777,0.20750551876379691,0.14285714285714285
user15,T3,T3_1D_CNN,calibration_FAR<=0.10_floor_0.05,0,0.44417673349380493,45,70,0.8736842105263158,0.9777777777777777,0.20750551876379691,0.14285714285714285
user16,T0,T0_DistanceProfile,calibration_FAR<=0.10,0,0.6587211901215018,68,38,0.228,0.1323529411764706,0.11587982832618025,0.0
user16,T0,T0_DistanceProfile,calibration_FAR<=0.10_floor_0.05,0,0.6587211901215018,68,38,0.228,0.1323529411764706,0.11587982832618025,0.0
user16,T1,T1_LogReg,calibration_FAR<=0.10,0,0.7613009475898803,68,38,0.488,0.4852941176470588,0.19313304721030042,0.10526315789473684
user16,T1,T1_LogReg,calibration_FAR<=0.10_floor_0.05,0,0.7613009475898803,68,38,0.488,0.4852941176470588,0.19313304721030042,0.10526315789473684
user16,T1,T1_SVM_RBF,calibration_FAR<=0.10,0,0.6460273509309706,68,38,0.576,0.6617647058823529,0.15450643776824036,0.05263157894736842
user16,T1,T1_SVM_RBF,calibration_FAR<=0.10_floor_0.05,0,0.6460273509309706,68,38,0.576,0.6617647058823529,0.15450643776824036,0.05263157894736842
user16,T1,T1_kNN,calibration_FAR<=0.10,0,0.8,68,38,0.338,0.27941176470588236,0.12875536480686695,0.07894736842105263
user16,T1,T1_kNN,calibration_FAR<=0.10_floor_0.05,0,0.8,68,38,0.338,0.27941176470588236,0.12875536480686695,0.07894736842105263
user16,T1,T1_DecisionTree,calibration_FAR<=0.10,0,1.0000000000000002,68,38,0.0,0.0,0.0,0.0
user16,T1,T1_DecisionTree,calibration_FAR<=0.10_floor_0.05,0,1.0000000000000002,68,38,0.0,0.0,0.0,0.0
user16,T2,T2_RandomForest,calibration_FAR<=0.10,0,0.5566666666666666,68,38,0.57,0.6764705882352942,0.13304721030042918,0.05263157894736842
user16,T2,T2_RandomForest,calibration_FAR<=0.10_floor_0.05,0,0.5566666666666666,68,38,0.57,0.6764705882352942,0.13304721030042918,0.05263157894736842
user16,T2,T2_ExtraTrees,calibration_FAR<=0.10,0,0.5433333333333333,68,38,0.614,0.7352941176470589,0.12875536480686695,0.07894736842105263
user16,T2,T2_ExtraTrees,calibration_FAR<=0.10_floor_0.05,0,0.5433333333333333,68,38,0.614,0.7352941176470589,0.12875536480686695,0.07894736842105263
user16,T2,T2_GradientBoosting,calibration_FAR<=0.10,0,0.5942717493533847,68,38,0.582,0.7058823529411765,0.10300429184549356,0.07894736842105263
user16,T2,T2_GradientBoosting,calibration_FAR<=0.10_floor_0.05,0,0.5942717493533847,68,38,0.582,0.7058823529411765,0.10300429184549356,0.07894736842105263
user16,T2,T2_XGBoost,calibration_FAR<=0.10,0,0.641242504119873,68,38,0.662,0.8088235294117647,0.15879828326180256,0.10526315789473684
user16,T2,T2_XGBoost,calibration_FAR<=0.10_floor_0.05,0,0.641242504119873,68,38,0.662,0.8088235294117647,0.15879828326180256,0.10526315789473684
user16,T3,T3_1D_CNN,calibration_FAR<=0.10,0,0.755393385887146,68,38,0.61,0.7647058823529411,0.1459227467811159,0.05263157894736842
user16,T3,T3_1D_CNN,calibration_FAR<=0.10_floor_0.05,0,0.755393385887146,68,38,0.61,0.7647058823529411,0.1459227467811159,0.05263157894736842
user20,T0,T0_DistanceProfile,calibration_FAR<=0.10,0,0.6346799050154064,30,20,0.22466960352422907,0.1,0.19230769230769232,0.15789473684210525
user20,T0,T0_DistanceProfile,calibration_FAR<=0.10_floor_0.05,0,0.6346799050154064,30,20,0.22466960352422907,0.1,0.19230769230769232,0.15789473684210525
user20,T1,T1_LogReg,calibration_FAR<=0.10,0,0.7200643369966492,30,20,0.5506607929515418,0.5666666666666667,0.057692307692307696,0.05263157894736842
user20,T1,T1_LogReg,calibration_FAR<=0.10_floor_0.05,0,0.7200643369966492,30,20,0.5506607929515418,0.5666666666666667,0.057692307692307696,0.05263157894736842
user20,T1,T1_SVM_RBF,calibration_FAR<=0.10,0,0.45127279067840176,30,20,0.5330396475770925,0.6,0.125,0.05263157894736842
user20,T1,T1_SVM_RBF,calibration_FAR<=0.10_floor_0.05,0,0.45127279067840176,30,20,0.5330396475770925,0.6,0.125,0.05263157894736842
user20,T1,T1_kNN,calibration_FAR<=0.10,0,0.6,30,20,0.3392070484581498,0.36666666666666664,0.04807692307692308,0.0
user20,T1,T1_kNN,calibration_FAR<=0.10_floor_0.05,0,0.6,30,20,0.3392070484581498,0.36666666666666664,0.04807692307692308,0.0
user20,T1,T1_DecisionTree,calibration_FAR<=0.10,0,1.0000000000000002,30,20,0.0,0.0,0.0,0.0
user20,T1,T1_DecisionTree,calibration_FAR<=0.10_floor_0.05,0,1.0000000000000002,30,20,0.0,0.0,0.0,0.0
user20,T2,T2_RandomForest,calibration_FAR<=0.10,0,0.38333333333333336,30,20,0.5242290748898678,0.6,0.009615384615384616,0.0
user20,T2,T2_RandomForest,calibration_FAR<=0.10_floor_0.05,0,0.38333333333333336,30,20,0.5242290748898678,0.6,0.009615384615384616,0.0
user20,T2,T2_ExtraTrees,calibration_FAR<=0.10,0,0.39,30,20,0.4889867841409692,0.5333333333333333,0.0,0.0
user20,T2,T2_ExtraTrees,calibration_FAR<=0.10_floor_0.05,0,0.39,30,20,0.4889867841409692,0.5333333333333333,0.0,0.0
user20,T2,T2_GradientBoosting,calibration_FAR<=0.10,0,0.36721849120850514,30,20,0.6343612334801763,0.7333333333333333,0.038461538461538464,0.0
user20,T2,T2_GradientBoosting,calibration_FAR<=0.10_floor_0.05,0,0.36721849120850514,30,20,0.6343612334801763,0.7333333333333333,0.038461538461538464,0.0
user20,T2,T2_XGBoost,calibration_FAR<=0.10,0,0.33636221289634705,30,20,0.762114537444934,0.9,0.057692307692307696,0.0
user20,T2,T2_XGBoost,calibration_FAR<=0.10_floor_0.05,0,0.33636221289634705,30,20,0.762114537444934,0.9,0.057692307692307696,0.0
user20,T3,T3_1D_CNN,calibration_FAR<=0.10,0,0.5031062364578247,30,20,0.20704845814977973,0.13333333333333333,0.009615384615384616,0.0
user20,T3,T3_1D_CNN,calibration_FAR<=0.10_floor_0.05,0,0.5031062364578247,30,20,0.20704845814977973,0.13333333333333333,0.009615384615384616,0.0
user21,T0,T0_DistanceProfile,calibration_FAR<=0.10,0,0.6478493157571746,37,22,0.23170731707317074,0.2222222222222222,0.2556390977443609,0.22727272727272727
user21,T0,T0_DistanceProfile,calibration_FAR<=0.10_floor_0.05,0,0.6478493157571746,37,22,0.23170731707317074,0.2222222222222222,0.2556390977443609,0.22727272727272727
user21,T1,T1_LogReg,calibration_FAR<=0.10,0,0.45469142270588087,37,22,0.7682926829268293,0.9444444444444444,0.3082706766917293,0.3181818181818182
user21,T1,T1_LogReg,calibration_FAR<=0.10_floor_0.05,0,0.45469142270588087,37,22,0.7682926829268293,0.9444444444444444,0.3082706766917293,0.3181818181818182
user21,T1,T1_SVM_RBF,calibration_FAR<=0.10,0,0.12324012357629341,37,22,0.8089430894308943,0.9444444444444444,0.39097744360902253,0.4090909090909091
user21,T1,T1_SVM_RBF,calibration_FAR<=0.10_floor_0.05,0,0.12324012357629341,37,22,0.8089430894308943,0.9444444444444444,0.39097744360902253,0.4090909090909091
user21,T1,T1_kNN,calibration_FAR<=0.10,0,0.6,37,22,0.34959349593495936,0.3888888888888889,0.08270676691729323,0.045454545454545456
user21,T1,T1_kNN,calibration_FAR<=0.10_floor_0.05,0,0.6,37,22,0.34959349593495936,0.3888888888888889,0.08270676691729323,0.045454545454545456
user21,T1,T1_DecisionTree,calibration_FAR<=0.10,0,1.0,37,22,0.540650406504065,0.6944444444444444,0.18796992481203006,0.09090909090909091
user21,T1,T1_DecisionTree,calibration_FAR<=0.10_floor_0.05,0,1.0,37,22,0.540650406504065,0.6944444444444444,0.18796992481203006,0.09090909090909091
user21,T2,T2_RandomForest,calibration_FAR<=0.10,0,0.22,37,22,0.8577235772357723,1.0,0.45864661654135336,0.5454545454545454
user21,T2,T2_RandomForest,calibration_FAR<=0.10_floor_0.05,0,0.22,37,22,0.8577235772357723,1.0,0.45864661654135336,0.5454545454545454
user21,T2,T2_ExtraTrees,calibration_FAR<=0.10,0,0.25,37,22,0.7804878048780488,0.9444444444444444,0.39097744360902253,0.5
user21,T2,T2_ExtraTrees,calibration_FAR<=0.10_floor_0.05,0,0.25,37,22,0.7804878048780488,0.9444444444444444,0.39097744360902253,0.5
user21,T2,T2_GradientBoosting,calibration_FAR<=0.10,0,0.1370021086423507,37,22,0.8821138211382114,1.0,0.47368421052631576,0.5
user21,T2,T2_GradientBoosting,calibration_FAR<=0.10_floor_0.05,0,0.1370021086423507,37,22,0.8821138211382114,1.0,0.47368421052631576,0.5
user21,T2,T2_XGBoost,calibration_FAR<=0.10,0,0.08724819868803024,37,22,0.926829268292683,1.0,0.48120300751879697,0.5909090909090909
user21,T2,T2_XGBoost,calibration_FAR<=0.10_floor_0.05,0,0.08724819868803024,37,22,0.926829268292683,1.0,0.48120300751879697,0.5909090909090909
user21,T3,T3_1D_CNN,calibration_FAR<=0.10,0,0.5257570147514343,37,22,0.34146341463414637,0.3055555555555556,0.24812030075187969,0.22727272727272727
user21,T3,T3_1D_CNN,calibration_FAR<=0.10_floor_0.05,0,0.5257570147514343,37,22,0.34146341463414637,0.3055555555555556,0.24812030075187969,0.22727272727272727
user23,T0,T0_DistanceProfile,calibration_FAR<=0.10,0,0.6507205609319365,38,33,0.2708333333333333,0.21052631578947367,0.11336032388663968,0.0
user23,T0,T0_DistanceProfile,calibration_FAR<=0.10_floor_0.05,0,0.6507205609319365,38,33,0.2708333333333333,0.21052631578947367,0.11336032388663968,0.0
user23,T1,T1_LogReg,calibration_FAR<=0.10,0,0.8145004029378342,38,33,0.4041666666666667,0.39473684210526316,0.06477732793522267,0.0
user23,T1,T1_LogReg,calibration_FAR<=0.10_floor_0.05,0,0.8145004029378342,38,33,0.4041666666666667,0.39473684210526316,0.06477732793522267,0.0
user23,T1,T1_SVM_RBF,calibration_FAR<=0.10,0,0.6272095834461013,38,33,0.4375,0.42105263157894735,0.07692307692307693,0.0
user23,T1,T1_SVM_RBF,calibration_FAR<=0.10_floor_0.05,0,0.6272095834461013,38,33,0.4375,0.42105263157894735,0.07692307692307693,0.0
user23,T1,T1_kNN,calibration_FAR<=0.10,0,0.8,38,33,0.2375,0.13157894736842105,0.05668016194331984,0.030303030303030304
user23,T1,T1_kNN,calibration_FAR<=0.10_floor_0.05,0,0.8,38,33,0.2375,0.13157894736842105,0.05668016194331984,0.030303030303030304
user23,T1,T1_DecisionTree,calibration_FAR<=0.10,0,1.0000000000000002,38,33,0.0,0.0,0.0,0.0
user23,T1,T1_DecisionTree,calibration_FAR<=0.10_floor_0.05,0,1.0000000000000002,38,33,0.0,0.0,0.0,0.0
user23,T2,T2_RandomForest,calibration_FAR<=0.10,0,0.4166666666666667,38,33,0.5833333333333334,0.6842105263157895,0.06477732793522267,0.0
user23,T2,T2_RandomForest,calibration_FAR<=0.10_floor_0.05,0,0.4166666666666667,38,33,0.5833333333333334,0.6842105263157895,0.06477732793522267,0.0
user23,T2,T2_ExtraTrees,calibration_FAR<=0.10,0,0.45,38,33,0.5166666666666667,0.6052631578947368,0.05668016194331984,0.0
user23,T2,T2_ExtraTrees,calibration_FAR<=0.10_floor_0.05,0,0.45,38,33,0.5166666666666667,0.6052631578947368,0.05668016194331984,0.0
user23,T2,T2_GradientBoosting,calibration_FAR<=0.10,0,0.5152645980934705,38,33,0.6,0.7105263157894737,0.0728744939271255,0.0
user23,T2,T2_GradientBoosting,calibration_FAR<=0.10_floor_0.05,0,0.5152645980934705,38,33,0.6,0.7105263157894737,0.0728744939271255,0.0
user23,T2,T2_XGBoost,calibration_FAR<=0.10,0,0.5385617017745972,38,33,0.6458333333333334,0.7631578947368421,0.08097165991902834,0.030303030303030304
user23,T2,T2_XGBoost,calibration_FAR<=0.10_floor_0.05,0,0.5385617017745972,38,33,0.6458333333333334,0.7631578947368421,0.08097165991902834,0.030303030303030304
user23,T3,T3_1D_CNN,calibration_FAR<=0.10,0,0.3588799238204956,38,33,0.21666666666666667,0.13157894736842105,0.06882591093117409,0.06060606060606061
user23,T3,T3_1D_CNN,calibration_FAR<=0.10_floor_0.05,0,0.3588799238204956,38,33,0.21666666666666667,0.13157894736842105,0.06882591093117409,0.06060606060606061
user29,T0,T0_DistanceProfile,calibration_FAR<=0.10,0,0.6318235594934214,43,20,0.4763779527559055,0.627906976744186,0.20833333333333334,0.1
user29,T0,T0_DistanceProfile,calibration_FAR<=0.10_floor_0.05,0,0.6318235594934214,43,20,0.4763779527559055,0.627906976744186,0.20833333333333334,0.1
user29,T1,T1_LogReg,calibration_FAR<=0.10,0,0.48314467779885867,43,20,0.8307086614173228,0.9069767441860465,0.4,0.45
user29,T1,T1_LogReg,calibration_FAR<=0.10_floor_0.05,0,0.48314467779885867,43,20,0.8307086614173228,0.9069767441860465,0.4,0.45
user29,T1,T1_SVM_RBF,calibration_FAR<=0.10,0,0.14426302471224883,43,20,0.8543307086614174,0.9302325581395349,0.4166666666666667,0.55
user29,T1,T1_SVM_RBF,calibration_FAR<=0.10_floor_0.05,0,0.14426302471224883,43,20,0.8543307086614174,0.9302325581395349,0.4166666666666667,0.55
user29,T1,T1_kNN,calibration_FAR<=0.10,0,0.4,43,20,0.6771653543307087,0.7441860465116279,0.275,0.15
user29,T1,T1_kNN,calibration_FAR<=0.10_floor_0.05,0,0.4,43,20,0.6771653543307087,0.7441860465116279,0.275,0.15
user29,T1,T1_DecisionTree,calibration_FAR<=0.10,0,1.0,43,20,0.5393700787401575,0.5581395348837209,0.23333333333333334,0.05
user29,T1,T1_DecisionTree,calibration_FAR<=0.10_floor_0.05,0,1.0,43,20,0.5393700787401575,0.5581395348837209,0.23333333333333334,0.05
user29,T2,T2_RandomForest,calibration_FAR<=0.10,0,0.17,43,20,0.8779527559055118,0.9302325581395349,0.425,0.5
user29,T2,T2_RandomForest,calibration_FAR<=0.10_floor_0.05,0,0.17,43,20,0.8779527559055118,0.9302325581395349,0.425,0.5
user29,T2,T2_ExtraTrees,calibration_FAR<=0.10,0,0.18333333333333332,43,20,0.8582677165354331,0.8837209302325582,0.425,0.5
user29,T2,T2_ExtraTrees,calibration_FAR<=0.10_floor_0.05,0,0.18333333333333332,43,20,0.8582677165354331,0.8837209302325582,0.425,0.5
user29,T2,T2_GradientBoosting,calibration_FAR<=0.10,0,0.1396086621600428,43,20,0.8188976377952756,0.8837209302325582,0.38333333333333336,0.4
user29,T2,T2_GradientBoosting,calibration_FAR<=0.10_floor_0.05,0,0.1396086621600428,43,20,0.8188976377952756,0.8837209302325582,0.38333333333333336,0.4
user29,T2,T2_XGBoost,calibration_FAR<=0.10,0,0.07279977202415466,43,20,0.8858267716535433,0.9534883720930233,0.43333333333333335,0.5
user29,T2,T2_XGBoost,calibration_FAR<=0.10_floor_0.05,0,0.07279977202415466,43,20,0.8858267716535433,0.9534883720930233,0.43333333333333335,0.5
user29,T3,T3_1D_CNN,calibration_FAR<=0.10,0,0.03752579912543297,43,20,0.8543307086614174,0.9302325581395349,0.31666666666666665,0.25
user29,T3,T3_1D_CNN,calibration_FAR<=0.10_floor_0.05,0,0.05,43,20,0.8307086614173228,0.9302325581395349,0.2916666666666667,0.25
user35,T0,T0_DistanceProfile,calibration_FAR<=0.10,0,0.6720827123934674,35,73,0.12446351931330472,0.05714285714285714,0.07954545454545454,0.04225352112676056
user35,T0,T0_DistanceProfile,calibration_FAR<=0.10_floor_0.05,0,0.6720827123934674,35,73,0.12446351931330472,0.05714285714285714,0.07954545454545454,0.04225352112676056
user35,T1,T1_LogReg,calibration_FAR<=0.10,0,0.8086445676423178,35,73,0.3905579399141631,0.3142857142857143,0.08181818181818182,0.028169014084507043
user35,T1,T1_LogReg,calibration_FAR<=0.10_floor_0.05,0,0.8086445676423178,35,73,0.3905579399141631,0.3142857142857143,0.08181818181818182,0.028169014084507043
user35,T1,T1_SVM_RBF,calibration_FAR<=0.10,0,0.6026231655701276,35,73,0.45493562231759654,0.45714285714285713,0.08409090909090909,0.04225352112676056
user35,T1,T1_SVM_RBF,calibration_FAR<=0.10_floor_0.05,0,0.6026231655701276,35,73,0.45493562231759654,0.45714285714285713,0.08409090909090909,0.04225352112676056
user35,T1,T1_kNN,calibration_FAR<=0.10,0,0.8,35,73,0.19313304721030042,0.11428571428571428,0.05909090909090909,0.028169014084507043
user35,T1,T1_kNN,calibration_FAR<=0.10_floor_0.05,0,0.8,35,73,0.19313304721030042,0.11428571428571428,0.05909090909090909,0.028169014084507043
user35,T1,T1_DecisionTree,calibration_FAR<=0.10,0,1.0000000000000002,35,73,0.0,0.0,0.0,0.0
user35,T1,T1_DecisionTree,calibration_FAR<=0.10_floor_0.05,0,1.0000000000000002,35,73,0.0,0.0,0.0,0.0
user35,T2,T2_RandomForest,calibration_FAR<=0.10,0,0.4766666666666667,35,73,0.4248927038626609,0.34285714285714286,0.06136363636363636,0.028169014084507043
user35,T2,T2_RandomForest,calibration_FAR<=0.10_floor_0.05,0,0.4766666666666667,35,73,0.4248927038626609,0.34285714285714286,0.06136363636363636,0.028169014084507043
user35,T2,T2_ExtraTrees,calibration_FAR<=0.10,0,0.44,35,73,0.44206008583690987,0.4,0.07954545454545454,0.028169014084507043
user35,T2,T2_ExtraTrees,calibration_FAR<=0.10_floor_0.05,0,0.44,35,73,0.44206008583690987,0.4,0.07954545454545454,0.028169014084507043
user35,T2,T2_GradientBoosting,calibration_FAR<=0.10,0,0.530599794717795,35,73,0.49356223175965663,0.5142857142857142,0.08863636363636364,0.04225352112676056
user35,T2,T2_GradientBoosting,calibration_FAR<=0.10_floor_0.05,0,0.530599794717795,35,73,0.49356223175965663,0.5142857142857142,0.08863636363636364,0.04225352112676056
user35,T2,T2_XGBoost,calibration_FAR<=0.10,0,0.5789622664451599,35,73,0.5064377682403434,0.5142857142857142,0.07727272727272727,0.028169014084507043
user35,T2,T2_XGBoost,calibration_FAR<=0.10_floor_0.05,0,0.5789622664451599,35,73,0.5064377682403434,0.5142857142857142,0.07727272727272727,0.028169014084507043
user35,T3,T3_1D_CNN,calibration_FAR<=0.10,0,0.39755910634994507,35,73,0.2875536480686695,0.14285714285714285,0.07954545454545454,0.056338028169014086
user35,T3,T3_1D_CNN,calibration_FAR<=0.10_floor_0.05,0,0.39755910634994507,35,73,0.2875536480686695,0.14285714285714285,0.07954545454545454,0.056338028169014086
user7,T0,T0_DistanceProfile,calibration_FAR<=0.10,0,0.5377522121338165,36,37,0.8109090909090909,0.9166666666666666,0.014705882352941176,0.0
user7,T0,T0_DistanceProfile,calibration_FAR<=0.10_floor_0.05,0,0.5377522121338165,36,37,0.8109090909090909,0.9166666666666666,0.014705882352941176,0.0
user7,T1,T1_LogReg,calibration_FAR<=0.10,0,0.3007562199327781,36,37,0.9854545454545455,1.0,0.00980392156862745,0.0
user7,T1,T1_LogReg,calibration_FAR<=0.10_floor_0.05,0,0.3007562199327781,36,37,0.9854545454545455,1.0,0.00980392156862745,0.0
user7,T1,T1_SVM_RBF,calibration_FAR<=0.10,0,0.16853660167568363,36,37,0.9818181818181818,1.0,0.0,0.0
user7,T1,T1_SVM_RBF,calibration_FAR<=0.10_floor_0.05,0,0.16853660167568363,36,37,0.9818181818181818,1.0,0.0,0.0
user7,T1,T1_kNN,calibration_FAR<=0.10,0,0.4,36,37,0.9563636363636364,1.0,0.0,0.0
user7,T1,T1_kNN,calibration_FAR<=0.10_floor_0.05,0,0.4,36,37,0.9563636363636364,1.0,0.0,0.0
user7,T1,T1_DecisionTree,calibration_FAR<=0.10,0,1.0,36,37,0.8036363636363636,0.9444444444444444,0.0,0.0
user7,T1,T1_DecisionTree,calibration_FAR<=0.10_floor_0.05,0,1.0,36,37,0.8036363636363636,0.9444444444444444,0.0,0.0
user7,T2,T2_RandomForest,calibration_FAR<=0.10,0,0.17666666666666667,36,37,0.9890909090909091,1.0,0.004901960784313725,0.0
user7,T2,T2_RandomForest,calibration_FAR<=0.10_floor_0.05,0,0.17666666666666667,36,37,0.9890909090909091,1.0,0.004901960784313725,0.0
user7,T2,T2_ExtraTrees,calibration_FAR<=0.10,0,0.25666666666666665,36,37,0.9890909090909091,1.0,0.0,0.0
user7,T2,T2_ExtraTrees,calibration_FAR<=0.10_floor_0.05,0,0.25666666666666665,36,37,0.9890909090909091,1.0,0.0,0.0
user7,T2,T2_GradientBoosting,calibration_FAR<=0.10,0,0.04670934586993639,36,37,0.9963636363636363,1.0,0.004901960784313725,0.0
user7,T2,T2_GradientBoosting,calibration_FAR<=0.10_floor_0.05,0,0.05,36,37,0.9963636363636363,1.0,0.004901960784313725,0.0
user7,T2,T2_XGBoost,calibration_FAR<=0.10,0,0.02691071107983589,36,37,0.9927272727272727,1.0,0.004901960784313725,0.0
user7,T2,T2_XGBoost,calibration_FAR<=0.10_floor_0.05,0,0.05,36,37,0.9927272727272727,1.0,0.004901960784313725,0.0
user7,T3,T3_1D_CNN,calibration_FAR<=0.10,0,0.2392570525407791,36,37,0.9927272727272727,1.0,0.00980392156862745,0.0
user7,T3,T3_1D_CNN,calibration_FAR<=0.10_floor_0.05,0,0.2392570525407791,36,37,0.9927272727272727,1.0,0.00980392156862745,0.0
user9,T0,T0_DistanceProfile,calibration_FAR<=0.10,0,0.5324145750130419,23,43,0.8194444444444444,0.9565217391304348,0.03587443946188341,0.0
user9,T0,T0_DistanceProfile,calibration_FAR<=0.10_floor_0.05,0,0.5324145750130419,23,43,0.8194444444444444,0.9565217391304348,0.03587443946188341,0.0
user9,T1,T1_LogReg,calibration_FAR<=0.10,0,0.3495620439797476,23,43,0.9722222222222222,1.0,0.02242152466367713,0.0
user9,T1,T1_LogReg,calibration_FAR<=0.10_floor_0.05,0,0.3495620439797476,23,43,0.9722222222222222,1.0,0.02242152466367713,0.0
user9,T1,T1_SVM_RBF,calibration_FAR<=0.10,0,0.11163314568587465,23,43,0.9583333333333334,1.0,0.004484304932735426,0.0
user9,T1,T1_SVM_RBF,calibration_FAR<=0.10_floor_0.05,0,0.11163314568587465,23,43,0.9583333333333334,1.0,0.004484304932735426,0.0
user9,T1,T1_kNN,calibration_FAR<=0.10,0,0.4,23,43,0.9236111111111112,1.0,0.004484304932735426,0.0
user9,T1,T1_kNN,calibration_FAR<=0.10_floor_0.05,0,0.4,23,43,0.9236111111111112,1.0,0.004484304932735426,0.0
user9,T1,T1_DecisionTree,calibration_FAR<=0.10,0,1.0,23,43,0.6666666666666666,0.782608695652174,0.004484304932735426,0.0
user9,T1,T1_DecisionTree,calibration_FAR<=0.10_floor_0.05,0,1.0,23,43,0.6666666666666666,0.782608695652174,0.004484304932735426,0.0
user9,T2,T2_RandomForest,calibration_FAR<=0.10,0,0.15,23,43,0.9861111111111112,1.0,0.004484304932735426,0.0
user9,T2,T2_RandomForest,calibration_FAR<=0.10_floor_0.05,0,0.15,23,43,0.9861111111111112,1.0,0.004484304932735426,0.0
user9,T2,T2_ExtraTrees,calibration_FAR<=0.10,0,0.23,23,43,0.9861111111111112,1.0,0.0,0.0
user9,T2,T2_ExtraTrees,calibration_FAR<=0.10_floor_0.05,0,0.23,23,43,0.9861111111111112,1.0,0.0,0.0
user9,T2,T2_GradientBoosting,calibration_FAR<=0.10,0,0.06353183407516733,23,43,1.0,1.0,0.02242152466367713,0.0
user9,T2,T2_GradientBoosting,calibration_FAR<=0.10_floor_0.05,0,0.06353183407516733,23,43,1.0,1.0,0.02242152466367713,0.0
user9,T2,T2_XGBoost,calibration_FAR<=0.10,0,0.031099149957299232,23,43,1.0,1.0,0.008968609865470852,0.0
user9,T2,T2_XGBoost,calibration_FAR<=0.10_floor_0.05,0,0.05,23,43,0.9930555555555556,1.0,0.004484304932735426,0.0
user9,T3,T3_1D_CNN,calibration_FAR<=0.10,0,0.9387915134429932,23,43,0.9236111111111112,1.0,0.004484304932735426,0.0
user9,T3,T3_1D_CNN,calibration_FAR<=0.10_floor_0.05,0,0.9387915134429932,23,43,0.9236111111111112,1.0,0.004484304932735426,0.0
user12,T0,T0_DistanceProfile,calibration_FAR<=0.10,1,0.6752959433195789,56,49,0.1278825995807128,0.017857142857142856,0.04304635761589404,0.0
user12,T0,T0_DistanceProfile,calibration_FAR<=0.10_floor_0.05,1,0.6752959433195789,56,49,0.1278825995807128,0.017857142857142856,0.04304635761589404,0.0
user12,T1,T1_LogReg,calibration_FAR<=0.10,1,0.6865381103647207,56,49,0.6540880503144654,0.875,0.17880794701986755,0.16326530612244897
user12,T1,T1_LogReg,calibration_FAR<=0.10_floor_0.05,1,0.6865381103647207,56,49,0.6540880503144654,0.875,0.17880794701986755,0.16326530612244897
user12,T1,T1_SVM_RBF,calibration_FAR<=0.10,1,0.5723384816502854,56,49,0.6666666666666666,0.9107142857142857,0.19205298013245034,0.12244897959183673
user12,T1,T1_SVM_RBF,calibration_FAR<=0.10_floor_0.05,1,0.5723384816502854,56,49,0.6666666666666666,0.9107142857142857,0.19205298013245034,0.12244897959183673
user12,T1,T1_kNN,calibration_FAR<=0.10,1,0.8,56,49,0.3941299790356394,0.35714285714285715,0.15894039735099338,0.08163265306122448
user12,T1,T1_kNN,calibration_FAR<=0.10_floor_0.05,1,0.8,56,49,0.3941299790356394,0.35714285714285715,0.15894039735099338,0.08163265306122448
user12,T1,T1_DecisionTree,calibration_FAR<=0.10,1,1.0000000000000002,56,49,0.0,0.0,0.0,0.0
user12,T1,T1_DecisionTree,calibration_FAR<=0.10_floor_0.05,1,1.0000000000000002,56,49,0.0,0.0,0.0,0.0
user12,T2,T2_RandomForest,calibration_FAR<=0.10,1,0.5866666666666667,56,49,0.5178197064989518,0.6607142857142857,0.12251655629139073,0.061224489795918366
user12,T2,T2_RandomForest,calibration_FAR<=0.10_floor_0.05,1,0.5866666666666667,56,49,0.5178197064989518,0.6607142857142857,0.12251655629139073,0.061224489795918366
user12,T2,T2_ExtraTrees,calibration_FAR<=0.10,1,0.5666666666666667,56,49,0.5262054507337526,0.625,0.152317880794702,0.08163265306122448
user12,T2,T2_ExtraTrees,calibration_FAR<=0.10_floor_0.05,1,0.5666666666666667,56,49,0.5262054507337526,0.625,0.152317880794702,0.08163265306122448
user12,T2,T2_GradientBoosting,calibration_FAR<=0.10,1,0.596514568750933,56,49,0.5911949685534591,0.75,0.1423841059602649,0.12244897959183673
user12,T2,T2_GradientBoosting,calibration_FAR<=0.10_floor_0.05,1,0.596514568750933,56,49,0.5911949685534591,0.75,0.1423841059602649,0.12244897959183673
user12,T2,T2_XGBoost,calibration_FAR<=0.10,1,0.6139310002326965,56,49,0.6184486373165619,0.7857142857142857,0.1423841059602649,0.10204081632653061
user12,T2,T2_XGBoost,calibration_FAR<=0.10_floor_0.05,1,0.6139310002326965,56,49,0.6184486373165619,0.7857142857142857,0.1423841059602649,0.10204081632653061
user12,T3,T3_1D_CNN,calibration_FAR<=0.10,1,0.7589321136474609,56,49,0.49056603773584906,0.5892857142857143,0.0695364238410596,0.02040816326530612
user12,T3,T3_1D_CNN,calibration_FAR<=0.10_floor_0.05,1,0.7589321136474609,56,49,0.49056603773584906,0.5892857142857143,0.0695364238410596,0.02040816326530612
user15,T0,T0_DistanceProfile,calibration_FAR<=0.10,1,0.6657098561230821,45,70,0.24561403508771928,0.17777777777777778,0.09713024282560706,0.02857142857142857
user15,T0,T0_DistanceProfile,calibration_FAR<=0.10_floor_0.05,1,0.6657098561230821,45,70,0.24561403508771928,0.17777777777777778,0.09713024282560706,0.02857142857142857
user15,T1,T1_LogReg,calibration_FAR<=0.10,1,0.3587152860988071,45,70,0.9087719298245615,0.9777777777777777,0.2560706401766004,0.22857142857142856
user15,T1,T1_LogReg,calibration_FAR<=0.10_floor_0.05,1,0.3587152860988071,45,70,0.9087719298245615,0.9777777777777777,0.2560706401766004,0.22857142857142856
user15,T1,T1_SVM_RBF,calibration_FAR<=0.10,1,0.23333301889036517,45,70,0.887719298245614,1.0,0.2671081677704194,0.2571428571428571
user15,T1,T1_SVM_RBF,calibration_FAR<=0.10_floor_0.05,1,0.23333301889036517,45,70,0.887719298245614,1.0,0.2671081677704194,0.2571428571428571
user15,T1,T1_kNN,calibration_FAR<=0.10,1,0.6,45,70,0.6350877192982456,0.7777777777777778,0.2185430463576159,0.15714285714285714
user15,T1,T1_kNN,calibration_FAR<=0.10_floor_0.05,1,0.6,45,70,0.6350877192982456,0.7777777777777778,0.2185430463576159,0.15714285714285714
user15,T1,T1_DecisionTree,calibration_FAR<=0.10,1,1.0,45,70,0.5824561403508772,0.6222222222222222,0.1986754966887417,0.17142857142857143
user15,T1,T1_DecisionTree,calibration_FAR<=0.10_floor_0.05,1,1.0,45,70,0.5824561403508772,0.6222222222222222,0.1986754966887417,0.17142857142857143
user15,T2,T2_RandomForest,calibration_FAR<=0.10,1,0.2866666666666667,45,70,0.8912280701754386,0.9777777777777777,0.23841059602649006,0.2
user15,T2,T2_RandomForest,calibration_FAR<=0.10_floor_0.05,1,0.2866666666666667,45,70,0.8912280701754386,0.9777777777777777,0.23841059602649006,0.2
user15,T2,T2_ExtraTrees,calibration_FAR<=0.10,1,0.3233333333333333,45,70,0.8912280701754386,1.0,0.26048565121412803,0.2571428571428571
user15,T2,T2_ExtraTrees,calibration_FAR<=0.10_floor_0.05,1,0.3233333333333333,45,70,0.8912280701754386,1.0,0.26048565121412803,0.2571428571428571
user15,T2,T2_GradientBoosting,calibration_FAR<=0.10,1,0.17243554962834598,45,70,0.9122807017543859,0.9777777777777777,0.22958057395143489,0.2
user15,T2,T2_GradientBoosting,calibration_FAR<=0.10_floor_0.05,1,0.17243554962834598,45,70,0.9122807017543859,0.9777777777777777,0.22958057395143489,0.2
user15,T2,T2_XGBoost,calibration_FAR<=0.10,1,0.07851886004209518,45,70,0.9473684210526315,1.0,0.24503311258278146,0.2
user15,T2,T2_XGBoost,calibration_FAR<=0.10_floor_0.05,1,0.07851886004209518,45,70,0.9473684210526315,1.0,0.24503311258278146,0.2
user15,T3,T3_1D_CNN,calibration_FAR<=0.10,1,0.24571307003498077,45,70,0.8771929824561403,1.0,0.2869757174392936,0.22857142857142856
user15,T3,T3_1D_CNN,calibration_FAR<=0.10_floor_0.05,1,0.24571307003498077,45,70,0.8771929824561403,1.0,0.2869757174392936,0.22857142857142856
user16,T0,T0_DistanceProfile,calibration_FAR<=0.10,1,0.6915041646537725,68,38,0.15,0.07352941176470588,0.05150214592274678,0.0
user16,T0,T0_DistanceProfile,calibration_FAR<=0.10_floor_0.05,1,0.6915041646537725,68,38,0.15,0.07352941176470588,0.05150214592274678,0.0
user16,T1,T1_LogReg,calibration_FAR<=0.10,1,0.7470386150110332,68,38,0.554,0.6764705882352942,0.18025751072961374,0.13157894736842105
user16,T1,T1_LogReg,calibration_FAR<=0.10_floor_0.05,1,0.7470386150110332,68,38,0.554,0.6764705882352942,0.18025751072961374,0.13157894736842105
user16,T1,T1_SVM_RBF,calibration_FAR<=0.10,1,0.6610204136942303,68,38,0.65,0.8382352941176471,0.15021459227467812,0.07894736842105263
user16,T1,T1_SVM_RBF,calibration_FAR<=0.10_floor_0.05,1,0.6610204136942303,68,38,0.65,0.8382352941176471,0.15021459227467812,0.07894736842105263
user16,T1,T1_kNN,calibration_FAR<=0.10,1,1.0,68,38,0.196,0.08823529411764706,0.030042918454935622,0.0
user16,T1,T1_kNN,calibration_FAR<=0.10_floor_0.05,1,1.0,68,38,0.196,0.08823529411764706,0.030042918454935622,0.0
user16,T1,T1_DecisionTree,calibration_FAR<=0.10,1,1.0000000000000002,68,38,0.0,0.0,0.0,0.0
user16,T1,T1_DecisionTree,calibration_FAR<=0.10_floor_0.05,1,1.0000000000000002,68,38,0.0,0.0,0.0,0.0
user16,T2,T2_RandomForest,calibration_FAR<=0.10,1,0.53,68,38,0.704,0.8823529411764706,0.16738197424892703,0.10526315789473684
user16,T2,T2_RandomForest,calibration_FAR<=0.10_floor_0.05,1,0.53,68,38,0.704,0.8823529411764706,0.16738197424892703,0.10526315789473684
user16,T2,T2_ExtraTrees,calibration_FAR<=0.10,1,0.57,68,38,0.666,0.7647058823529411,0.12446351931330472,0.02631578947368421
user16,T2,T2_ExtraTrees,calibration_FAR<=0.10_floor_0.05,1,0.57,68,38,0.666,0.7647058823529411,0.12446351931330472,0.02631578947368421
user16,T2,T2_GradientBoosting,calibration_FAR<=0.10,1,0.5744226152530962,68,38,0.656,0.75,0.17167381974248927,0.07894736842105263
user16,T2,T2_GradientBoosting,calibration_FAR<=0.10_floor_0.05,1,0.5744226152530962,68,38,0.656,0.75,0.17167381974248927,0.07894736842105263
user16,T2,T2_XGBoost,calibration_FAR<=0.10,1,0.6008604764938354,68,38,0.72,0.9264705882352942,0.19313304721030042,0.07894736842105263
user16,T2,T2_XGBoost,calibration_FAR<=0.10_floor_0.05,1,0.6008604764938354,68,38,0.72,0.9264705882352942,0.19313304721030042,0.07894736842105263
user16,T3,T3_1D_CNN,calibration_FAR<=0.10,1,0.7073701620101929,68,38,0.666,0.8382352941176471,0.15450643776824036,0.10526315789473684
user16,T3,T3_1D_CNN,calibration_FAR<=0.10_floor_0.05,1,0.7073701620101929,68,38,0.666,0.8382352941176471,0.15450643776824036,0.10526315789473684
user20,T0,T0_DistanceProfile,calibration_FAR<=0.10,1,0.5703125186861726,30,20,0.31277533039647576,0.3333333333333333,0.04807692307692308,0.0
user20,T0,T0_DistanceProfile,calibration_FAR<=0.10_floor_0.05,1,0.5703125186861726,30,20,0.31277533039647576,0.3333333333333333,0.04807692307692308,0.0
user20,T1,T1_LogReg,calibration_FAR<=0.10,1,0.8585729090578524,30,20,0.43612334801762115,0.5666666666666667,0.0,0.0
user20,T1,T1_LogReg,calibration_FAR<=0.10_floor_0.05,1,0.8585729090578524,30,20,0.43612334801762115,0.5666666666666667,0.0,0.0
user20,T1,T1_SVM_RBF,calibration_FAR<=0.10,1,0.5487912261832024,30,20,0.47577092511013214,0.6,0.0,0.0
user20,T1,T1_SVM_RBF,calibration_FAR<=0.10_floor_0.05,1,0.5487912261832024,30,20,0.47577092511013214,0.6,0.0,0.0
user20,T1,T1_kNN,calibration_FAR<=0.10,1,0.8,30,20,0.21145374449339208,0.13333333333333333,0.0,0.0
user20,T1,T1_kNN,calibration_FAR<=0.10_floor_0.05,1,0.8,30,20,0.21145374449339208,0.13333333333333333,0.0,0.0
user20,T1,T1_DecisionTree,calibration_FAR<=0.10,1,1.0000000000000002,30,20,0.0,0.0,0.0,0.0
user20,T1,T1_DecisionTree,calibration_FAR<=0.10_floor_0.05,1,1.0000000000000002,30,20,0.0,0.0,0.0,0.0
user20,T2,T2_RandomForest,calibration_FAR<=0.10,1,0.52,30,20,0.4581497797356828,0.5666666666666667,0.0,0.0
user20,T2,T2_RandomForest,calibration_FAR<=0.10_floor_0.05,1,0.52,30,20,0.4581497797356828,0.5666666666666667,0.0,0.0
user20,T2,T2_ExtraTrees,calibration_FAR<=0.10,1,0.54,30,20,0.40969162995594716,0.43333333333333335,0.0,0.0
user20,T2,T2_ExtraTrees,calibration_FAR<=0.10_floor_0.05,1,0.54,30,20,0.40969162995594716,0.43333333333333335,0.0,0.0
user20,T2,T2_GradientBoosting,calibration_FAR<=0.10,1,0.7897052173860769,30,20,0.3700440528634361,0.4,0.0,0.0
user20,T2,T2_GradientBoosting,calibration_FAR<=0.10_floor_0.05,1,0.7897052173860769,30,20,0.3700440528634361,0.4,0.0,0.0
user20,T2,T2_XGBoost,calibration_FAR<=0.10,1,0.8275420665740967,30,20,0.43612334801762115,0.43333333333333335,0.0,0.0
user20,T2,T2_XGBoost,calibration_FAR<=0.10_floor_0.05,1,0.8275420665740967,30,20,0.43612334801762115,0.43333333333333335,0.0,0.0
user20,T3,T3_1D_CNN,calibration_FAR<=0.10,1,0.9757645130157471,30,20,0.31277533039647576,0.4,0.0,0.0
user20,T3,T3_1D_CNN,calibration_FAR<=0.10_floor_0.05,1,0.9757645130157471,30,20,0.31277533039647576,0.4,0.0,0.0
user21,T0,T0_DistanceProfile,calibration_FAR<=0.10,1,0.657697413985918,37,22,0.17886178861788618,0.1111111111111111,0.19548872180451127,0.18181818181818182
user21,T0,T0_DistanceProfile,calibration_FAR<=0.10_floor_0.05,1,0.657697413985918,37,22,0.17886178861788618,0.1111111111111111,0.19548872180451127,0.18181818181818182
user21,T1,T1_LogReg,calibration_FAR<=0.10,1,0.5759362378222501,37,22,0.6747967479674797,0.7777777777777778,0.3082706766917293,0.3181818181818182
user21,T1,T1_LogReg,calibration_FAR<=0.10_floor_0.05,1,0.5759362378222501,37,22,0.6747967479674797,0.7777777777777778,0.3082706766917293,0.3181818181818182
user21,T1,T1_SVM_RBF,calibration_FAR<=0.10,1,0.2646753617091958,37,22,0.7113821138211383,0.8611111111111112,0.2932330827067669,0.22727272727272727
user21,T1,T1_SVM_RBF,calibration_FAR<=0.10_floor_0.05,1,0.2646753617091958,37,22,0.7113821138211383,0.8611111111111112,0.2932330827067669,0.22727272727272727
user21,T1,T1_kNN,calibration_FAR<=0.10,1,0.6,37,22,0.37398373983739835,0.3611111111111111,0.15789473684210525,0.09090909090909091
user21,T1,T1_kNN,calibration_FAR<=0.10_floor_0.05,1,0.6,37,22,0.37398373983739835,0.3611111111111111,0.15789473684210525,0.09090909090909091
user21,T1,T1_DecisionTree,calibration_FAR<=0.10,1,1.0000000000000002,37,22,0.0,0.0,0.0,0.0
user21,T1,T1_DecisionTree,calibration_FAR<=0.10_floor_0.05,1,1.0000000000000002,37,22,0.0,0.0,0.0,0.0
user21,T2,T2_RandomForest,calibration_FAR<=0.10,1,0.3433333333333333,37,22,0.5975609756097561,0.7222222222222222,0.21052631578947367,0.09090909090909091
user21,T2,T2_RandomForest,calibration_FAR<=0.10_floor_0.05,1,0.3433333333333333,37,22,0.5975609756097561,0.7222222222222222,0.21052631578947367,0.09090909090909091
user21,T2,T2_ExtraTrees,calibration_FAR<=0.10,1,0.2966666666666667,37,22,0.6829268292682927,0.7777777777777778,0.2857142857142857,0.3181818181818182
user21,T2,T2_ExtraTrees,calibration_FAR<=0.10_floor_0.05,1,0.2966666666666667,37,22,0.6829268292682927,0.7777777777777778,0.2857142857142857,0.3181818181818182
user21,T2,T2_GradientBoosting,calibration_FAR<=0.10,1,0.33166128087475466,37,22,0.6747967479674797,0.8055555555555556,0.20300751879699247,0.09090909090909091
user21,T2,T2_GradientBoosting,calibration_FAR<=0.10_floor_0.05,1,0.33166128087475466,37,22,0.6747967479674797,0.8055555555555556,0.20300751879699247,0.09090909090909091
user21,T2,T2_XGBoost,calibration_FAR<=0.10,1,0.29706212878227234,37,22,0.6869918699186992,0.7777777777777778,0.2932330827067669,0.2727272727272727
user21,T2,T2_XGBoost,calibration_FAR<=0.10_floor_0.05,1,0.29706212878227234,37,22,0.6869918699186992,0.7777777777777778,0.2932330827067669,0.2727272727272727
user21,T3,T3_1D_CNN,calibration_FAR<=0.10,1,0.6030179262161255,37,22,0.8252032520325203,0.9444444444444444,0.2857142857142857,0.3181818181818182
user21,T3,T3_1D_CNN,calibration_FAR<=0.10_floor_0.05,1,0.6030179262161255,37,22,0.8252032520325203,0.9444444444444444,0.2857142857142857,0.3181818181818182
user23,T0,T0_DistanceProfile,calibration_FAR<=0.10,1,0.6831423217496556,38,33,0.125,0.07894736842105263,0.048582995951417005,0.0
user23,T0,T0_DistanceProfile,calibration_FAR<=0.10_floor_0.05,1,0.6831423217496556,38,33,0.125,0.07894736842105263,0.048582995951417005,0.0
user23,T1,T1_LogReg,calibration_FAR<=0.10,1,0.7858376454731917,38,33,0.5208333333333334,0.5789473684210527,0.08097165991902834,0.0
user23,T1,T1_LogReg,calibration_FAR<=0.10_floor_0.05,1,0.7858376454731917,38,33,0.5208333333333334,0.5789473684210527,0.08097165991902834,0.0
user23,T1,T1_SVM_RBF,calibration_FAR<=0.10,1,0.5363599547338859,38,33,0.5416666666666666,0.6052631578947368,0.11740890688259109,0.06060606060606061
user23,T1,T1_SVM_RBF,calibration_FAR<=0.10_floor_0.05,1,0.5363599547338859,38,33,0.5416666666666666,0.6052631578947368,0.11740890688259109,0.06060606060606061
user23,T1,T1_kNN,calibration_FAR<=0.10,1,0.8,38,33,0.24166666666666667,0.13157894736842105,0.06477732793522267,0.030303030303030304
user23,T1,T1_kNN,calibration_FAR<=0.10_floor_0.05,1,0.8,38,33,0.24166666666666667,0.13157894736842105,0.06477732793522267,0.030303030303030304
user23,T1,T1_DecisionTree,calibration_FAR<=0.10,1,1.0000000000000002,38,33,0.0,0.0,0.0,0.0
user23,T1,T1_DecisionTree,calibration_FAR<=0.10_floor_0.05,1,1.0000000000000002,38,33,0.0,0.0,0.0,0.0
user23,T2,T2_RandomForest,calibration_FAR<=0.10,1,0.42,38,33,0.6625,0.7631578947368421,0.10121457489878542,0.030303030303030304
user23,T2,T2_RandomForest,calibration_FAR<=0.10_floor_0.05,1,0.42,38,33,0.6625,0.7631578947368421,0.10121457489878542,0.030303030303030304
user23,T2,T2_ExtraTrees,calibration_FAR<=0.10,1,0.41,38,33,0.6333333333333333,0.7105263157894737,0.09716599190283401,0.030303030303030304
user23,T2,T2_ExtraTrees,calibration_FAR<=0.10_floor_0.05,1,0.41,38,33,0.6333333333333333,0.7105263157894737,0.09716599190283401,0.030303030303030304
user23,T2,T2_GradientBoosting,calibration_FAR<=0.10,1,0.45639053291994874,38,33,0.6958333333333333,0.7894736842105263,0.12550607287449392,0.09090909090909091
user23,T2,T2_GradientBoosting,calibration_FAR<=0.10_floor_0.05,1,0.45639053291994874,38,33,0.6958333333333333,0.7894736842105263,0.12550607287449392,0.09090909090909091
user23,T2,T2_XGBoost,calibration_FAR<=0.10,1,0.507004976272583,38,33,0.7416666666666667,0.868421052631579,0.1214574898785425,0.06060606060606061
user23,T2,T2_XGBoost,calibration_FAR<=0.10_floor_0.05,1,0.507004976272583,38,33,0.7416666666666667,0.868421052631579,0.1214574898785425,0.06060606060606061
user23,T3,T3_1D_CNN,calibration_FAR<=0.10,1,0.5968368649482727,38,33,0.5875,0.631578947368421,0.1214574898785425,0.06060606060606061
user23,T3,T3_1D_CNN,calibration_FAR<=0.10_floor_0.05,1,0.5968368649482727,38,33,0.5875,0.631578947368421,0.1214574898785425,0.06060606060606061
user29,T0,T0_DistanceProfile,calibration_FAR<=0.10,1,0.6638068487131199,43,20,0.2204724409448819,0.16279069767441862,0.08333333333333333,0.05
user29,T0,T0_DistanceProfile,calibration_FAR<=0.10_floor_0.05,1,0.6638068487131199,43,20,0.2204724409448819,0.16279069767441862,0.08333333333333333,0.05
user29,T1,T1_LogReg,calibration_FAR<=0.10,1,0.8676122643326614,43,20,0.40551181102362205,0.5116279069767442,0.11666666666666667,0.0
user29,T1,T1_LogReg,calibration_FAR<=0.10_floor_0.05,1,0.8676122643326614,43,20,0.40551181102362205,0.5116279069767442,0.11666666666666667,0.0
user29,T1,T1_SVM_RBF,calibration_FAR<=0.10,1,0.6018767041797968,43,20,0.44881889763779526,0.5813953488372093,0.15833333333333333,0.05
user29,T1,T1_SVM_RBF,calibration_FAR<=0.10_floor_0.05,1,0.6018767041797968,43,20,0.44881889763779526,0.5813953488372093,0.15833333333333333,0.05
user29,T1,T1_kNN,calibration_FAR<=0.10,1,0.8,43,20,0.2677165354330709,0.3023255813953488,0.08333333333333333,0.0
user29,T1,T1_kNN,calibration_FAR<=0.10_floor_0.05,1,0.8,43,20,0.2677165354330709,0.3023255813953488,0.08333333333333333,0.0
user29,T1,T1_DecisionTree,calibration_FAR<=0.10,1,1.0000000000000002,43,20,0.0,0.0,0.0,0.0
user29,T1,T1_DecisionTree,calibration_FAR<=0.10_floor_0.05,1,1.0000000000000002,43,20,0.0,0.0,0.0,0.0
user29,T2,T2_RandomForest,calibration_FAR<=0.10,1,0.4866666666666667,43,20,0.484251968503937,0.6046511627906976,0.13333333333333333,0.05
user29,T2,T2_RandomForest,calibration_FAR<=0.10_floor_0.05,1,0.4866666666666667,43,20,0.484251968503937,0.6046511627906976,0.13333333333333333,0.05
user29,T2,T2_ExtraTrees,calibration_FAR<=0.10,1,0.49333333333333335,43,20,0.48031496062992124,0.5813953488372093,0.15833333333333333,0.0
user29,T2,T2_ExtraTrees,calibration_FAR<=0.10_floor_0.05,1,0.49333333333333335,43,20,0.48031496062992124,0.5813953488372093,0.15833333333333333,0.0
user29,T2,T2_GradientBoosting,calibration_FAR<=0.10,1,0.5309662185811097,43,20,0.5236220472440944,0.6511627906976745,0.15,0.05
user29,T2,T2_GradientBoosting,calibration_FAR<=0.10_floor_0.05,1,0.5309662185811097,43,20,0.5236220472440944,0.6511627906976745,0.15,0.05
user29,T2,T2_XGBoost,calibration_FAR<=0.10,1,0.5243930220603943,43,20,0.5866141732283464,0.627906976744186,0.14166666666666666,0.05
user29,T2,T2_XGBoost,calibration_FAR<=0.10_floor_0.05,1,0.5243930220603943,43,20,0.5866141732283464,0.627906976744186,0.14166666666666666,0.05
user29,T3,T3_1D_CNN,calibration_FAR<=0.10,1,0.5230726003646851,43,20,0.41732283464566927,0.46511627906976744,0.18333333333333332,0.25
user29,T3,T3_1D_CNN,calibration_FAR<=0.10_floor_0.05,1,0.5230726003646851,43,20,0.41732283464566927,0.46511627906976744,0.18333333333333332,0.25
user35,T0,T0_DistanceProfile,calibration_FAR<=0.10,1,0.6431481512725292,35,73,0.23605150214592274,0.22857142857142856,0.1431818181818182,0.07042253521126761
user35,T0,T0_DistanceProfile,calibration_FAR<=0.10_floor_0.05,1,0.6431481512725292,35,73,0.23605150214592274,0.22857142857142856,0.1431818181818182,0.07042253521126761
user35,T1,T1_LogReg,calibration_FAR<=0.10,1,0.909271871459919,35,73,0.463519313304721,0.4857142857142857,0.12045454545454545,0.1267605633802817
user35,T1,T1_LogReg,calibration_FAR<=0.10_floor_0.05,1,0.909271871459919,35,73,0.463519313304721,0.4857142857142857,0.12045454545454545,0.1267605633802817
user35,T1,T1_SVM_RBF,calibration_FAR<=0.10,1,0.7198723139435945,35,73,0.4592274678111588,0.5714285714285714,0.09090909090909091,0.04225352112676056
user35,T1,T1_SVM_RBF,calibration_FAR<=0.10_floor_0.05,1,0.7198723139435945,35,73,0.4592274678111588,0.5714285714285714,0.09090909090909091,0.04225352112676056
user35,T1,T1_kNN,calibration_FAR<=0.10,1,0.8,35,73,0.2532188841201717,0.14285714285714285,0.09545454545454546,0.07042253521126761
user35,T1,T1_kNN,calibration_FAR<=0.10_floor_0.05,1,0.8,35,73,0.2532188841201717,0.14285714285714285,0.09545454545454546,0.07042253521126761
user35,T1,T1_DecisionTree,calibration_FAR<=0.10,1,1.0000000000000002,35,73,0.0,0.0,0.0,0.0
user35,T1,T1_DecisionTree,calibration_FAR<=0.10_floor_0.05,1,1.0000000000000002,35,73,0.0,0.0,0.0,0.0
user35,T2,T2_RandomForest,calibration_FAR<=0.10,1,0.5366666666666666,35,73,0.5107296137339056,0.5428571428571428,0.1318181818181818,0.07042253521126761
user35,T2,T2_RandomForest,calibration_FAR<=0.10_floor_0.05,1,0.5366666666666666,35,73,0.5107296137339056,0.5428571428571428,0.1318181818181818,0.07042253521126761
user35,T2,T2_ExtraTrees,calibration_FAR<=0.10,1,0.58,35,73,0.38626609442060084,0.34285714285714286,0.1,0.07042253521126761
user35,T2,T2_ExtraTrees,calibration_FAR<=0.10_floor_0.05,1,0.58,35,73,0.38626609442060084,0.34285714285714286,0.1,0.07042253521126761
user35,T2,T2_GradientBoosting,calibration_FAR<=0.10,1,0.64926178005507,35,73,0.5493562231759657,0.6,0.175,0.11267605633802817
user35,T2,T2_GradientBoosting,calibration_FAR<=0.10_floor_0.05,1,0.64926178005507,35,73,0.5493562231759657,0.6,0.175,0.11267605633802817
user35,T2,T2_XGBoost,calibration_FAR<=0.10,1,0.7095997929573059,35,73,0.5708154506437768,0.7714285714285715,0.1590909090909091,0.09859154929577464
user35,T2,T2_XGBoost,calibration_FAR<=0.10_floor_0.05,1,0.7095997929573059,35,73,0.5708154506437768,0.7714285714285715,0.1590909090909091,0.09859154929577464
user35,T3,T3_1D_CNN,calibration_FAR<=0.10,1,0.47337931394577026,35,73,0.296137339055794,0.22857142857142856,0.1,0.08450704225352113
user35,T3,T3_1D_CNN,calibration_FAR<=0.10_floor_0.05,1,0.47337931394577026,35,73,0.296137339055794,0.22857142857142856,0.1,0.08450704225352113
user7,T0,T0_DistanceProfile,calibration_FAR<=0.10,1,0.5812382399914752,36,37,0.6436363636363637,0.75,0.0,0.0
user7,T0,T0_DistanceProfile,calibration_FAR<=0.10_floor_0.05,1,0.5812382399914752,36,37,0.6436363636363637,0.75,0.0,0.0
user7,T1,T1_LogReg,calibration_FAR<=0.10,1,0.6374086367885152,36,37,0.92,1.0,0.014705882352941176,0.0
user7,T1,T1_LogReg,calibration_FAR<=0.10_floor_0.05,1,0.6374086367885152,36,37,0.92,1.0,0.014705882352941176,0.0
user7,T1,T1_SVM_RBF,calibration_FAR<=0.10,1,0.41496896422025586,36,37,0.9345454545454546,1.0,0.0,0.0
user7,T1,T1_SVM_RBF,calibration_FAR<=0.10_floor_0.05,1,0.41496896422025586,36,37,0.9345454545454546,1.0,0.0,0.0
user7,T1,T1_kNN,calibration_FAR<=0.10,1,0.8,36,37,0.6654545454545454,0.9166666666666666,0.0,0.0
user7,T1,T1_kNN,calibration_FAR<=0.10_floor_0.05,1,0.8,36,37,0.6654545454545454,0.9166666666666666,0.0,0.0
user7,T1,T1_DecisionTree,calibration_FAR<=0.10,1,1.0,36,37,0.8109090909090909,1.0,0.0,0.0
user7,T1,T1_DecisionTree,calibration_FAR<=0.10_floor_0.05,1,1.0,36,37,0.8109090909090909,1.0,0.0,0.0
user7,T2,T2_RandomForest,calibration_FAR<=0.10,1,0.37333333333333335,36,37,0.9381818181818182,1.0,0.0,0.0
user7,T2,T2_RandomForest,calibration_FAR<=0.10_floor_0.05,1,0.37333333333333335,36,37,0.9381818181818182,1.0,0.0,0.0
user7,T2,T2_ExtraTrees,calibration_FAR<=0.10,1,0.38666666666666666,36,37,0.9563636363636364,1.0,0.0,0.0
user7,T2,T2_ExtraTrees,calibration_FAR<=0.10_floor_0.05,1,0.38666666666666666,36,37,0.9563636363636364,1.0,0.0,0.0
user7,T2,T2_GradientBoosting,calibration_FAR<=0.10,1,0.26163191302030636,36,37,0.9563636363636364,1.0,0.0,0.0
user7,T2,T2_GradientBoosting,calibration_FAR<=0.10_floor_0.05,1,0.26163191302030636,36,37,0.9563636363636364,1.0,0.0,0.0
user7,T2,T2_XGBoost,calibration_FAR<=0.10,1,0.22821219265460968,36,37,0.9527272727272728,1.0,0.0,0.0
user7,T2,T2_XGBoost,calibration_FAR<=0.10_floor_0.05,1,0.22821219265460968,36,37,0.9527272727272728,1.0,0.0,0.0
user7,T3,T3_1D_CNN,calibration_FAR<=0.10,1,0.35542237758636475,36,37,0.9309090909090909,1.0,0.004901960784313725,0.0
user7,T3,T3_1D_CNN,calibration_FAR<=0.10_floor_0.05,1,0.35542237758636475,36,37,0.9309090909090909,1.0,0.004901960784313725,0.0
user9,T0,T0_DistanceProfile,calibration_FAR<=0.10,1,0.6012663485022777,23,43,0.5902777777777778,0.782608695652174,0.0,0.0
user9,T0,T0_DistanceProfile,calibration_FAR<=0.10_floor_0.05,1,0.6012663485022777,23,43,0.5902777777777778,0.782608695652174,0.0,0.0
user9,T1,T1_LogReg,calibration_FAR<=0.10,1,0.6067001189660169,23,43,0.9027777777777778,1.0,0.004484304932735426,0.0
user9,T1,T1_LogReg,calibration_FAR<=0.10_floor_0.05,1,0.6067001189660169,23,43,0.9027777777777778,1.0,0.004484304932735426,0.0
user9,T1,T1_SVM_RBF,calibration_FAR<=0.10,1,0.2721590144250938,23,43,0.8819444444444444,1.0,0.0,0.0
user9,T1,T1_SVM_RBF,calibration_FAR<=0.10_floor_0.05,1,0.2721590144250938,23,43,0.8819444444444444,1.0,0.0,0.0
user9,T1,T1_kNN,calibration_FAR<=0.10,1,0.6,23,43,0.6527777777777778,0.8695652173913043,0.0,0.0
user9,T1,T1_kNN,calibration_FAR<=0.10_floor_0.05,1,0.6,23,43,0.6527777777777778,0.8695652173913043,0.0,0.0
user9,T1,T1_DecisionTree,calibration_FAR<=0.10,1,1.0,23,43,0.6736111111111112,0.8695652173913043,0.0,0.0
user9,T1,T1_DecisionTree,calibration_FAR<=0.10_floor_0.05,1,1.0,23,43,0.6736111111111112,0.8695652173913043,0.0,0.0
user9,T2,T2_RandomForest,calibration_FAR<=0.10,1,0.30333333333333334,23,43,0.875,1.0,0.0,0.0
user9,T2,T2_RandomForest,calibration_FAR<=0.10_floor_0.05,1,0.30333333333333334,23,43,0.875,1.0,0.0,0.0
user9,T2,T2_ExtraTrees,calibration_FAR<=0.10,1,0.3566666666666667,23,43,0.8541666666666666,1.0,0.0,0.0
user9,T2,T2_ExtraTrees,calibration_FAR<=0.10_floor_0.05,1,0.3566666666666667,23,43,0.8541666666666666,1.0,0.0,0.0
user9,T2,T2_GradientBoosting,calibration_FAR<=0.10,1,0.18656767714853595,23,43,0.9444444444444444,1.0,0.0,0.0
user9,T2,T2_GradientBoosting,calibration_FAR<=0.10_floor_0.05,1,0.18656767714853595,23,43,0.9444444444444444,1.0,0.0,0.0
user9,T2,T2_XGBoost,calibration_FAR<=0.10,1,0.0879511907696724,23,43,0.9652777777777778,1.0,0.004484304932735426,0.0
user9,T2,T2_XGBoost,calibration_FAR<=0.10_floor_0.05,1,0.0879511907696724,23,43,0.9652777777777778,1.0,0.004484304932735426,0.0
user9,T3,T3_1D_CNN,calibration_FAR<=0.10,1,0.6381135582923889,23,43,0.9305555555555556,1.0,0.017937219730941704,0.023809523809523808
user9,T3,T3_1D_CNN,calibration_FAR<=0.10_floor_0.05,1,0.6381135582923889,23,43,0.9305555555555556,1.0,0.017937219730941704,0.023809523809523808
user12,T0,T0_DistanceProfile,calibration_FAR<=0.10,2,0.6383044112577828,56,49,0.29979035639413,0.16071428571428573,0.1423841059602649,0.04081632653061224
user12,T0,T0_DistanceProfile,calibration_FAR<=0.10_floor_0.05,2,0.6383044112577828,56,49,0.29979035639413,0.16071428571428573,0.1423841059602649,0.04081632653061224
user12,T1,T1_LogReg,calibration_FAR<=0.10,2,0.5708720727067643,56,49,0.7651991614255765,0.9642857142857143,0.3609271523178808,0.3877551020408163
user12,T1,T1_LogReg,calibration_FAR<=0.10_floor_0.05,2,0.5708720727067643,56,49,0.7651991614255765,0.9642857142857143,0.3609271523178808,0.3877551020408163
user12,T1,T1_SVM_RBF,calibration_FAR<=0.10,2,0.37355348233983254,56,49,0.8029350104821803,0.9642857142857143,0.3576158940397351,0.3673469387755102
user12,T1,T1_SVM_RBF,calibration_FAR<=0.10_floor_0.05,2,0.37355348233983254,56,49,0.8029350104821803,0.9642857142857143,0.3576158940397351,0.3673469387755102
user12,T1,T1_kNN,calibration_FAR<=0.10,2,0.8,56,49,0.3417190775681342,0.23214285714285715,0.152317880794702,0.061224489795918366
user12,T1,T1_kNN,calibration_FAR<=0.10_floor_0.05,2,0.8,56,49,0.3417190775681342,0.23214285714285715,0.152317880794702,0.061224489795918366
user12,T1,T1_DecisionTree,calibration_FAR<=0.10,2,1.0000000000000002,56,49,0.0,0.0,0.0,0.0
user12,T1,T1_DecisionTree,calibration_FAR<=0.10_floor_0.05,2,1.0000000000000002,56,49,0.0,0.0,0.0,0.0
user12,T2,T2_RandomForest,calibration_FAR<=0.10,2,0.3566666666666667,56,49,0.8238993710691824,0.9821428571428571,0.41721854304635764,0.42857142857142855
user12,T2,T2_RandomForest,calibration_FAR<=0.10_floor_0.05,2,0.3566666666666667,56,49,0.8238993710691824,0.9821428571428571,0.41721854304635764,0.42857142857142855
user12,T2,T2_ExtraTrees,calibration_FAR<=0.10,2,0.38,56,49,0.8176100628930818,0.9642857142857143,0.39072847682119205,0.4489795918367347
user12,T2,T2_ExtraTrees,calibration_FAR<=0.10_floor_0.05,2,0.38,56,49,0.8176100628930818,0.9642857142857143,0.39072847682119205,0.4489795918367347
user12,T2,T2_GradientBoosting,calibration_FAR<=0.10,2,0.38938735615162523,56,49,0.7421383647798742,0.9107142857142857,0.3211920529801324,0.3469387755102041
user12,T2,T2_GradientBoosting,calibration_FAR<=0.10_floor_0.05,2,0.38938735615162523,56,49,0.7421383647798742,0.9107142857142857,0.3211920529801324,0.3469387755102041
user12,T2,T2_XGBoost,calibration_FAR<=0.10,2,0.44558414816856384,56,49,0.740041928721174,0.9285714285714286,0.271523178807947,0.2653061224489796
user12,T2,T2_XGBoost,calibration_FAR<=0.10_floor_0.05,2,0.44558414816856384,56,49,0.740041928721174,0.9285714285714286,0.271523178807947,0.2653061224489796
user12,T3,T3_1D_CNN,calibration_FAR<=0.10,2,0.26662343740463257,56,49,0.7987421383647799,0.9285714285714286,0.3609271523178808,0.3877551020408163
user12,T3,T3_1D_CNN,calibration_FAR<=0.10_floor_0.05,2,0.26662343740463257,56,49,0.7987421383647799,0.9285714285714286,0.3609271523178808,0.3877551020408163
user15,T0,T0_DistanceProfile,calibration_FAR<=0.10,2,0.6469418472022087,45,70,0.26666666666666666,0.24444444444444444,0.09050772626931568,0.02857142857142857
user15,T0,T0_DistanceProfile,calibration_FAR<=0.10_floor_0.05,2,0.6469418472022087,45,70,0.26666666666666666,0.24444444444444444,0.09050772626931568,0.02857142857142857
user15,T1,T1_LogReg,calibration_FAR<=0.10,2,0.7670880554352024,45,70,0.7894736842105263,0.9333333333333333,0.1368653421633554,0.1
user15,T1,T1_LogReg,calibration_FAR<=0.10_floor_0.05,2,0.7670880554352024,45,70,0.7894736842105263,0.9333333333333333,0.1368653421633554,0.1
user15,T1,T1_SVM_RBF,calibration_FAR<=0.10,2,0.5053790422262258,45,70,0.7824561403508772,0.9111111111111111,0.17660044150110377,0.14285714285714285
user15,T1,T1_SVM_RBF,calibration_FAR<=0.10_floor_0.05,2,0.5053790422262258,45,70,0.7824561403508772,0.9111111111111111,0.17660044150110377,0.14285714285714285
user15,T1,T1_kNN,calibration_FAR<=0.10,2,0.8,45,70,0.37894736842105264,0.28888888888888886,0.11479028697571744,0.08571428571428572
user15,T1,T1_kNN,calibration_FAR<=0.10_floor_0.05,2,0.8,45,70,0.37894736842105264,0.28888888888888886,0.11479028697571744,0.08571428571428572
user15,T1,T1_DecisionTree,calibration_FAR<=0.10,2,1.0000000000000002,45,70,0.0,0.0,0.0,0.0
user15,T1,T1_DecisionTree,calibration_FAR<=0.10_floor_0.05,2,1.0000000000000002,45,70,0.0,0.0,0.0,0.0
user15,T2,T2_RandomForest,calibration_FAR<=0.10,2,0.4266666666666667,45,70,0.6807017543859649,0.7777777777777778,0.1456953642384106,0.1
user15,T2,T2_RandomForest,calibration_FAR<=0.10_floor_0.05,2,0.4266666666666667,45,70,0.6807017543859649,0.7777777777777778,0.1456953642384106,0.1
user15,T2,T2_ExtraTrees,calibration_FAR<=0.10,2,0.4666666666666667,45,70,0.6280701754385964,0.7111111111111111,0.16777041942604856,0.14285714285714285
user15,T2,T2_ExtraTrees,calibration_FAR<=0.10_floor_0.05,2,0.4666666666666667,45,70,0.6280701754385964,0.7111111111111111,0.16777041942604856,0.14285714285714285
user15,T2,T2_GradientBoosting,calibration_FAR<=0.10,2,0.5217132482559413,45,70,0.6526315789473685,0.7333333333333333,0.08609271523178808,0.07142857142857142
user15,T2,T2_GradientBoosting,calibration_FAR<=0.10_floor_0.05,2,0.5217132482559413,45,70,0.6526315789473685,0.7333333333333333,0.08609271523178808,0.07142857142857142
user15,T2,T2_XGBoost,calibration_FAR<=0.10,2,0.5156593918800354,45,70,0.7368421052631579,0.9333333333333333,0.10816777041942605,0.07142857142857142
user15,T2,T2_XGBoost,calibration_FAR<=0.10_floor_0.05,2,0.5156593918800354,45,70,0.7368421052631579,0.9333333333333333,0.10816777041942605,0.07142857142857142
user15,T3,T3_1D_CNN,calibration_FAR<=0.10,2,0.42043980956077576,45,70,0.5263157894736842,0.5777777777777777,0.17218543046357615,0.14285714285714285
user15,T3,T3_1D_CNN,calibration_FAR<=0.10_floor_0.05,2,0.42043980956077576,45,70,0.5263157894736842,0.5777777777777777,0.17218543046357615,0.14285714285714285
user16,T0,T0_DistanceProfile,calibration_FAR<=0.10,2,0.6447831538568748,68,38,0.246,0.14705882352941177,0.15021459227467812,0.05263157894736842
user16,T0,T0_DistanceProfile,calibration_FAR<=0.10_floor_0.05,2,0.6447831538568748,68,38,0.246,0.14705882352941177,0.15021459227467812,0.05263157894736842
user16,T1,T1_LogReg,calibration_FAR<=0.10,2,0.9518292375521934,68,38,0.06,0.029411764705882353,0.008583690987124463,0.0
user16,T1,T1_LogReg,calibration_FAR<=0.10_floor_0.05,2,0.9518292375521934,68,38,0.06,0.029411764705882353,0.008583690987124463,0.0
user16,T1,T1_SVM_RBF,calibration_FAR<=0.10,2,0.808514502293905,68,38,0.352,0.27941176470588236,0.03862660944206009,0.0
user16,T1,T1_SVM_RBF,calibration_FAR<=0.10_floor_0.05,2,0.808514502293905,68,38,0.352,0.27941176470588236,0.03862660944206009,0.0
user16,T1,T1_kNN,calibration_FAR<=0.10,2,1.0,68,38,0.178,0.08823529411764706,0.02145922746781116,0.0
user16,T1,T1_kNN,calibration_FAR<=0.10_floor_0.05,2,1.0,68,38,0.178,0.08823529411764706,0.02145922746781116,0.0
user16,T1,T1_DecisionTree,calibration_FAR<=0.10,2,1.0000000000000002,68,38,0.0,0.0,0.0,0.0
user16,T1,T1_DecisionTree,calibration_FAR<=0.10_floor_0.05,2,1.0000000000000002,68,38,0.0,0.0,0.0,0.0
user16,T2,T2_RandomForest,calibration_FAR<=0.10,2,0.74,68,38,0.294,0.22058823529411764,0.034334763948497854,0.0
user16,T2,T2_RandomForest,calibration_FAR<=0.10_floor_0.05,2,0.74,68,38,0.294,0.22058823529411764,0.034334763948497854,0.0
user16,T2,T2_ExtraTrees,calibration_FAR<=0.10,2,0.72,68,38,0.346,0.2647058823529412,0.02145922746781116,0.0
user16,T2,T2_ExtraTrees,calibration_FAR<=0.10_floor_0.05,2,0.72,68,38,0.346,0.2647058823529412,0.02145922746781116,0.0
user16,T2,T2_GradientBoosting,calibration_FAR<=0.10,2,0.8730046120905312,68,38,0.108,0.04411764705882353,0.004291845493562232,0.0
user16,T2,T2_GradientBoosting,calibration_FAR<=0.10_floor_0.05,2,0.8730046120905312,68,38,0.108,0.04411764705882353,0.004291845493562232,0.0
user16,T2,T2_XGBoost,calibration_FAR<=0.10,2,0.9178367257118225,68,38,0.168,0.11764705882352941,0.0,0.0
user16,T2,T2_XGBoost,calibration_FAR<=0.10_floor_0.05,2,0.9178367257118225,68,38,0.168,0.11764705882352941,0.0,0.0
user16,T3,T3_1D_CNN,calibration_FAR<=0.10,2,0.6151379346847534,68,38,0.34,0.3382352941176471,0.0944206008583691,0.0
user16,T3,T3_1D_CNN,calibration_FAR<=0.10_floor_0.05,2,0.6151379346847534,68,38,0.34,0.3382352941176471,0.0944206008583691,0.0
user20,T0,T0_DistanceProfile,calibration_FAR<=0.10,2,0.6009191109145536,30,20,0.24669603524229075,0.23333333333333334,0.028846153846153848,0.0
user20,T0,T0_DistanceProfile,calibration_FAR<=0.10_floor_0.05,2,0.6009191109145536,30,20,0.24669603524229075,0.23333333333333334,0.028846153846153848,0.0
user20,T1,T1_LogReg,calibration_FAR<=0.10,2,0.8069485618714167,30,20,0.4008810572687225,0.43333333333333335,0.009615384615384616,0.0
user20,T1,T1_LogReg,calibration_FAR<=0.10_floor_0.05,2,0.8069485618714167,30,20,0.4008810572687225,0.43333333333333335,0.009615384615384616,0.0
user20,T1,T1_SVM_RBF,calibration_FAR<=0.10,2,0.4393995026570011,30,20,0.47577092511013214,0.5666666666666667,0.0,0.0
user20,T1,T1_SVM_RBF,calibration_FAR<=0.10_floor_0.05,2,0.4393995026570011,30,20,0.47577092511013214,0.5666666666666667,0.0,0.0
user20,T1,T1_kNN,calibration_FAR<=0.10,2,0.6,30,20,0.3568281938325991,0.4,0.0,0.0
user20,T1,T1_kNN,calibration_FAR<=0.10_floor_0.05,2,0.6,30,20,0.3568281938325991,0.4,0.0,0.0
user20,T1,T1_DecisionTree,calibration_FAR<=0.10,2,1.0000000000000002,30,20,0.0,0.0,0.0,0.0
user20,T1,T1_DecisionTree,calibration_FAR<=0.10_floor_0.05,2,1.0000000000000002,30,20,0.0,0.0,0.0,0.0
user20,T2,T2_RandomForest,calibration_FAR<=0.10,2,0.36,30,20,0.4889867841409692,0.5,0.019230769230769232,0.0
user20,T2,T2_RandomForest,calibration_FAR<=0.10_floor_0.05,2,0.36,30,20,0.4889867841409692,0.5,0.019230769230769232,0.0
user20,T2,T2_ExtraTrees,calibration_FAR<=0.10,2,0.39,30,20,0.4713656387665198,0.5,0.0,0.0
user20,T2,T2_ExtraTrees,calibration_FAR<=0.10_floor_0.05,2,0.39,30,20,0.4713656387665198,0.5,0.0,0.0
user20,T2,T2_GradientBoosting,calibration_FAR<=0.10,2,0.388040949901148,30,20,0.44933920704845814,0.4666666666666667,0.009615384615384616,0.0
user20,T2,T2_GradientBoosting,calibration_FAR<=0.10_floor_0.05,2,0.388040949901148,30,20,0.44933920704845814,0.4666666666666667,0.009615384615384616,0.0
user20,T2,T2_XGBoost,calibration_FAR<=0.10,2,0.35737335681915283,30,20,0.4845814977973568,0.5,0.0,0.0
user20,T2,T2_XGBoost,calibration_FAR<=0.10_floor_0.05,2,0.35737335681915283,30,20,0.4845814977973568,0.5,0.0,0.0
user20,T3,T3_1D_CNN,calibration_FAR<=0.10,2,0.8876747488975525,30,20,0.4713656387665198,0.6,0.009615384615384616,0.0
user20,T3,T3_1D_CNN,calibration_FAR<=0.10_floor_0.05,2,0.8876747488975525,30,20,0.4713656387665198,0.6,0.009615384615384616,0.0
user21,T0,T0_DistanceProfile,calibration_FAR<=0.10,2,0.6381040068307622,37,22,0.26422764227642276,0.2777777777777778,0.2706766917293233,0.22727272727272727
user21,T0,T0_DistanceProfile,calibration_FAR<=0.10_floor_0.05,2,0.6381040068307622,37,22,0.26422764227642276,0.2777777777777778,0.2706766917293233,0.22727272727272727
user21,T1,T1_LogReg,calibration_FAR<=0.10,2,0.5829036520284842,37,22,0.6951219512195121,0.8333333333333334,0.2857142857142857,0.36363636363636365
user21,T1,T1_LogReg,calibration_FAR<=0.10_floor_0.05,2,0.5829036520284842,37,22,0.6951219512195121,0.8333333333333334,0.2857142857142857,0.36363636363636365
user21,T1,T1_SVM_RBF,calibration_FAR<=0.10,2,0.1721176108022972,37,22,0.7886178861788617,0.9444444444444444,0.3308270676691729,0.36363636363636365
user21,T1,T1_SVM_RBF,calibration_FAR<=0.10_floor_0.05,2,0.1721176108022972,37,22,0.7886178861788617,0.9444444444444444,0.3308270676691729,0.36363636363636365
user21,T1,T1_kNN,calibration_FAR<=0.10,2,0.6,37,22,0.3333333333333333,0.25,0.11278195488721804,0.09090909090909091
user21,T1,T1_kNN,calibration_FAR<=0.10_floor_0.05,2,0.6,37,22,0.3333333333333333,0.25,0.11278195488721804,0.09090909090909091
user21,T1,T1_DecisionTree,calibration_FAR<=0.10,2,1.0,37,22,0.4186991869918699,0.4444444444444444,0.2706766917293233,0.22727272727272727
user21,T1,T1_DecisionTree,calibration_FAR<=0.10_floor_0.05,2,1.0,37,22,0.4186991869918699,0.4444444444444444,0.2706766917293233,0.22727272727272727
user21,T2,T2_RandomForest,calibration_FAR<=0.10,2,0.22666666666666666,37,22,0.8252032520325203,1.0,0.46616541353383456,0.6363636363636364
user21,T2,T2_RandomForest,calibration_FAR<=0.10_floor_0.05,2,0.22666666666666666,37,22,0.8252032520325203,1.0,0.46616541353383456,0.6363636363636364
user21,T2,T2_ExtraTrees,calibration_FAR<=0.10,2,0.25,37,22,0.7845528455284553,0.9166666666666666,0.43609022556390975,0.5
user21,T2,T2_ExtraTrees,calibration_FAR<=0.10_floor_0.05,2,0.25,37,22,0.7845528455284553,0.9166666666666666,0.43609022556390975,0.5
user21,T2,T2_GradientBoosting,calibration_FAR<=0.10,2,0.17247804883436857,37,22,0.8333333333333334,0.9166666666666666,0.42857142857142855,0.6363636363636364
user21,T2,T2_GradientBoosting,calibration_FAR<=0.10_floor_0.05,2,0.17247804883436857,37,22,0.8333333333333334,0.9166666666666666,0.42857142857142855,0.6363636363636364
user21,T2,T2_XGBoost,calibration_FAR<=0.10,2,0.1236463412642479,37,22,0.8658536585365854,1.0,0.46616541353383456,0.6363636363636364
user21,T2,T2_XGBoost,calibration_FAR<=0.10_floor_0.05,2,0.1236463412642479,37,22,0.8658536585365854,1.0,0.46616541353383456,0.6363636363636364
user21,T3,T3_1D_CNN,calibration_FAR<=0.10,2,0.48075810074806213,37,22,0.25203252032520324,0.2777777777777778,0.15789473684210525,0.13636363636363635
user21,T3,T3_1D_CNN,calibration_FAR<=0.10_floor_0.05,2,0.48075810074806213,37,22,0.25203252032520324,0.2777777777777778,0.15789473684210525,0.13636363636363635
user23,T0,T0_DistanceProfile,calibration_FAR<=0.10,2,0.6352626182227831,38,33,0.3,0.2631578947368421,0.145748987854251,0.0
user23,T0,T0_DistanceProfile,calibration_FAR<=0.10_floor_0.05,2,0.6352626182227831,38,33,0.3,0.2631578947368421,0.145748987854251,0.0
user23,T1,T1_LogReg,calibration_FAR<=0.10,2,0.986005853876063,38,33,0.075,0.0,0.0,0.0
user23,T1,T1_LogReg,calibration_FAR<=0.10_floor_0.05,2,0.986005853876063,38,33,0.075,0.0,0.0,0.0
user23,T1,T1_SVM_RBF,calibration_FAR<=0.10,2,0.7661376129619162,38,33,0.30833333333333335,0.3157894736842105,0.032388663967611336,0.0
user23,T1,T1_SVM_RBF,calibration_FAR<=0.10_floor_0.05,2,0.7661376129619162,38,33,0.30833333333333335,0.3157894736842105,0.032388663967611336,0.0
user23,T1,T1_kNN,calibration_FAR<=0.10,2,0.8,38,33,0.2,0.07894736842105263,0.032388663967611336,0.0
user23,T1,T1_kNN,calibration_FAR<=0.10_floor_0.05,2,0.8,38,33,0.2,0.07894736842105263,0.032388663967611336,0.0
user23,T1,T1_DecisionTree,calibration_FAR<=0.10,2,1.0000000000000002,38,33,0.0,0.0,0.0,0.0
user23,T1,T1_DecisionTree,calibration_FAR<=0.10_floor_0.05,2,1.0000000000000002,38,33,0.0,0.0,0.0,0.0
user23,T2,T2_RandomForest,calibration_FAR<=0.10,2,0.42,38,33,0.5458333333333333,0.6842105263157895,0.06072874493927125,0.0
user23,T2,T2_RandomForest,calibration_FAR<=0.10_floor_0.05,2,0.42,38,33,0.5458333333333333,0.6842105263157895,0.06072874493927125,0.0
user23,T2,T2_ExtraTrees,calibration_FAR<=0.10,2,0.43,38,33,0.5125,0.5789473684210527,0.07692307692307693,0.030303030303030304
user23,T2,T2_ExtraTrees,calibration_FAR<=0.10_floor_0.05,2,0.43,38,33,0.5125,0.5789473684210527,0.07692307692307693,0.030303030303030304
user23,T2,T2_GradientBoosting,calibration_FAR<=0.10,2,0.630714675330812,38,33,0.44166666666666665,0.5263157894736842,0.044534412955465584,0.030303030303030304
user23,T2,T2_GradientBoosting,calibration_FAR<=0.10_floor_0.05,2,0.630714675330812,38,33,0.44166666666666665,0.5263157894736842,0.044534412955465584,0.030303030303030304
user23,T2,T2_XGBoost,calibration_FAR<=0.10,2,0.6164410710334778,38,33,0.5375,0.6842105263157895,0.05263157894736842,0.0
user23,T2,T2_XGBoost,calibration_FAR<=0.10_floor_0.05,2,0.6164410710334778,38,33,0.5375,0.6842105263157895,0.05263157894736842,0.0
user23,T3,T3_1D_CNN,calibration_FAR<=0.10,2,0.3750368356704712,38,33,0.20833333333333334,0.10526315789473684,0.048582995951417005,0.030303030303030304
user23,T3,T3_1D_CNN,calibration_FAR<=0.10_floor_0.05,2,0.3750368356704712,38,33,0.20833333333333334,0.10526315789473684,0.048582995951417005,0.030303030303030304
user29,T0,T0_DistanceProfile,calibration_FAR<=0.10,2,0.6258737710338339,43,20,0.468503937007874,0.5813953488372093,0.2,0.1
user29,T0,T0_DistanceProfile,calibration_FAR<=0.10_floor_0.05,2,0.6258737710338339,43,20,0.468503937007874,0.5813953488372093,0.2,0.1
user29,T1,T1_LogReg,calibration_FAR<=0.10,2,0.5590214501441971,43,20,0.8031496062992126,0.8837209302325582,0.39166666666666666,0.45
user29,T1,T1_LogReg,calibration_FAR<=0.10_floor_0.05,2,0.5590214501441971,43,20,0.8031496062992126,0.8837209302325582,0.39166666666666666,0.45
user29,T1,T1_SVM_RBF,calibration_FAR<=0.10,2,0.20028557431899546,43,20,0.8307086614173228,0.9069767441860465,0.39166666666666666,0.35
user29,T1,T1_SVM_RBF,calibration_FAR<=0.10_floor_0.05,2,0.20028557431899546,43,20,0.8307086614173228,0.9069767441860465,0.39166666666666666,0.35
user29,T1,T1_kNN,calibration_FAR<=0.10,2,0.6,43,20,0.4409448818897638,0.4883720930232558,0.19166666666666668,0.1
user29,T1,T1_kNN,calibration_FAR<=0.10_floor_0.05,2,0.6,43,20,0.4409448818897638,0.4883720930232558,0.19166666666666668,0.1
user29,T1,T1_DecisionTree,calibration_FAR<=0.10,2,1.0,43,20,0.531496062992126,0.6511627906976745,0.225,0.15
user29,T1,T1_DecisionTree,calibration_FAR<=0.10_floor_0.05,2,1.0,43,20,0.531496062992126,0.6511627906976745,0.225,0.15
user29,T2,T2_RandomForest,calibration_FAR<=0.10,2,0.24,43,20,0.8346456692913385,0.8837209302325582,0.375,0.45
user29,T2,T2_RandomForest,calibration_FAR<=0.10_floor_0.05,2,0.24,43,20,0.8346456692913385,0.8837209302325582,0.375,0.45
user29,T2,T2_ExtraTrees,calibration_FAR<=0.10,2,0.24,43,20,0.8385826771653543,0.8837209302325582,0.4166666666666667,0.45
user29,T2,T2_ExtraTrees,calibration_FAR<=0.10_floor_0.05,2,0.24,43,20,0.8385826771653543,0.8837209302325582,0.4166666666666667,0.45
user29,T2,T2_GradientBoosting,calibration_FAR<=0.10,2,0.21624770125872514,43,20,0.8188976377952756,0.8837209302325582,0.39166666666666666,0.4
user29,T2,T2_GradientBoosting,calibration_FAR<=0.10_floor_0.05,2,0.21624770125872514,43,20,0.8188976377952756,0.8837209302325582,0.39166666666666666,0.4
user29,T2,T2_XGBoost,calibration_FAR<=0.10,2,0.15012580156326294,43,20,0.84251968503937,0.9069767441860465,0.38333333333333336,0.45
user29,T2,T2_XGBoost,calibration_FAR<=0.10_floor_0.05,2,0.15012580156326294,43,20,0.84251968503937,0.9069767441860465,0.38333333333333336,0.45
user29,T3,T3_1D_CNN,calibration_FAR<=0.10,2,0.6206610202789307,43,20,0.6614173228346457,0.813953488372093,0.24166666666666667,0.3
user29,T3,T3_1D_CNN,calibration_FAR<=0.10_floor_0.05,2,0.6206610202789307,43,20,0.6614173228346457,0.813953488372093,0.24166666666666667,0.3
user35,T0,T0_DistanceProfile,calibration_FAR<=0.10,2,0.6717249185336183,35,73,0.15879828326180256,0.08571428571428572,0.09772727272727273,0.056338028169014086
user35,T0,T0_DistanceProfile,calibration_FAR<=0.10_floor_0.05,2,0.6717249185336183,35,73,0.15879828326180256,0.08571428571428572,0.09772727272727273,0.056338028169014086
user35,T1,T1_LogReg,calibration_FAR<=0.10,2,0.7168094649324469,35,73,0.5107296137339056,0.6,0.17727272727272728,0.14084507042253522
user35,T1,T1_LogReg,calibration_FAR<=0.10_floor_0.05,2,0.7168094649324469,35,73,0.5107296137339056,0.6,0.17727272727272728,0.14084507042253522
user35,T1,T1_SVM_RBF,calibration_FAR<=0.10,2,0.4432738477533564,35,73,0.6094420600858369,0.8285714285714286,0.20227272727272727,0.14084507042253522
user35,T1,T1_SVM_RBF,calibration_FAR<=0.10_floor_0.05,2,0.4432738477533564,35,73,0.6094420600858369,0.8285714285714286,0.20227272727272727,0.14084507042253522
user35,T1,T1_kNN,calibration_FAR<=0.10,2,0.8,35,73,0.18025751072961374,0.02857142857142857,0.05909090909090909,0.028169014084507043
user35,T1,T1_kNN,calibration_FAR<=0.10_floor_0.05,2,0.8,35,73,0.18025751072961374,0.02857142857142857,0.05909090909090909,0.028169014084507043
user35,T1,T1_DecisionTree,calibration_FAR<=0.10,2,1.0000000000000002,35,73,0.0,0.0,0.0,0.0
user35,T1,T1_DecisionTree,calibration_FAR<=0.10_floor_0.05,2,1.0000000000000002,35,73,0.0,0.0,0.0,0.0
user35,T2,T2_RandomForest,calibration_FAR<=0.10,2,0.43666666666666665,35,73,0.5579399141630901,0.6571428571428571,0.15227272727272728,0.08450704225352113
user35,T2,T2_RandomForest,calibration_FAR<=0.10_floor_0.05,2,0.43666666666666665,35,73,0.5579399141630901,0.6571428571428571,0.15227272727272728,0.08450704225352113
user35,T2,T2_ExtraTrees,calibration_FAR<=0.10,2,0.43666666666666665,35,73,0.5622317596566524,0.6571428571428571,0.13863636363636364,0.07042253521126761
user35,T2,T2_ExtraTrees,calibration_FAR<=0.10_floor_0.05,2,0.43666666666666665,35,73,0.5622317596566524,0.6571428571428571,0.13863636363636364,0.07042253521126761
user35,T2,T2_GradientBoosting,calibration_FAR<=0.10,2,0.47193800500731015,35,73,0.630901287553648,0.8,0.2590909090909091,0.22535211267605634
user35,T2,T2_GradientBoosting,calibration_FAR<=0.10_floor_0.05,2,0.47193800500731015,35,73,0.630901287553648,0.8,0.2590909090909091,0.22535211267605634
user35,T2,T2_XGBoost,calibration_FAR<=0.10,2,0.4975718855857849,35,73,0.6738197424892703,0.8857142857142857,0.2409090909090909,0.23943661971830985
user35,T2,T2_XGBoost,calibration_FAR<=0.10_floor_0.05,2,0.4975718855857849,35,73,0.6738197424892703,0.8857142857142857,0.2409090909090909,0.23943661971830985
user35,T3,T3_1D_CNN,calibration_FAR<=0.10,2,0.5043373107910156,35,73,0.4034334763948498,0.3142857142857143,0.17954545454545454,0.16901408450704225
user35,T3,T3_1D_CNN,calibration_FAR<=0.10_floor_0.05,2,0.5043373107910156,35,73,0.4034334763948498,0.3142857142857143,0.17954545454545454,0.16901408450704225
user7,T0,T0_DistanceProfile,calibration_FAR<=0.10,2,0.5197714178622401,36,37,0.7527272727272727,0.8611111111111112,0.0392156862745098,0.0
user7,T0,T0_DistanceProfile,calibration_FAR<=0.10_floor_0.05,2,0.5197714178622401,36,37,0.7527272727272727,0.8611111111111112,0.0392156862745098,0.0
user7,T1,T1_LogReg,calibration_FAR<=0.10,2,0.09113236300774823,36,37,0.9963636363636363,1.0,0.029411764705882353,0.0
user7,T1,T1_LogReg,calibration_FAR<=0.10_floor_0.05,2,0.09113236300774823,36,37,0.9963636363636363,1.0,0.029411764705882353,0.0
user7,T1,T1_SVM_RBF,calibration_FAR<=0.10,2,0.13886436520223905,36,37,0.9927272727272727,1.0,0.0,0.0
user7,T1,T1_SVM_RBF,calibration_FAR<=0.10_floor_0.05,2,0.13886436520223905,36,37,0.9927272727272727,1.0,0.0,0.0
user7,T1,T1_kNN,calibration_FAR<=0.10,2,0.4,36,37,0.9890909090909091,1.0,0.0,0.0
user7,T1,T1_kNN,calibration_FAR<=0.10_floor_0.05,2,0.4,36,37,0.9890909090909091,1.0,0.0,0.0
user7,T1,T1_DecisionTree,calibration_FAR<=0.10,2,1.0,36,37,0.8036363636363636,0.9722222222222222,0.00980392156862745,0.0
user7,T1,T1_DecisionTree,calibration_FAR<=0.10_floor_0.05,2,1.0,36,37,0.8036363636363636,0.9722222222222222,0.00980392156862745,0.0
user7,T2,T2_RandomForest,calibration_FAR<=0.10,2,0.10666666666666667,36,37,1.0,1.0,0.0196078431372549,0.0
user7,T2,T2_RandomForest,calibration_FAR<=0.10_floor_0.05,2,0.10666666666666667,36,37,1.0,1.0,0.0196078431372549,0.0
user7,T2,T2_ExtraTrees,calibration_FAR<=0.10,2,0.11666666666666667,36,37,1.0,1.0,0.014705882352941176,0.0
user7,T2,T2_ExtraTrees,calibration_FAR<=0.10_floor_0.05,2,0.11666666666666667,36,37,1.0,1.0,0.014705882352941176,0.0
user7,T2,T2_GradientBoosting,calibration_FAR<=0.10,2,0.0356817143997889,36,37,0.9963636363636363,1.0,0.00980392156862745,0.0
user7,T2,T2_GradientBoosting,calibration_FAR<=0.10_floor_0.05,2,0.05,36,37,0.9927272727272727,1.0,0.004901960784313725,0.0
user7,T2,T2_XGBoost,calibration_FAR<=0.10,2,0.003384209470823407,36,37,1.0,1.0,0.0196078431372549,0.0
user7,T2,T2_XGBoost,calibration_FAR<=0.10_floor_0.05,2,0.05,36,37,0.9890909090909091,1.0,0.0,0.0
user7,T3,T3_1D_CNN,calibration_FAR<=0.10,2,0.8222863078117371,36,37,0.9709090909090909,1.0,0.0196078431372549,0.0
user7,T3,T3_1D_CNN,calibration_FAR<=0.10_floor_0.05,2,0.8222863078117371,36,37,0.9709090909090909,1.0,0.0196078431372549,0.0
user9,T0,T0_DistanceProfile,calibration_FAR<=0.10,2,0.5039946836113874,23,43,0.8333333333333334,0.9565217391304348,0.04932735426008968,0.0
user9,T0,T0_DistanceProfile,calibration_FAR<=0.10_floor_0.05,2,0.5039946836113874,23,43,0.8333333333333334,0.9565217391304348,0.04932735426008968,0.0
user9,T1,T1_LogReg,calibration_FAR<=0.10,2,0.7877400643047713,23,43,0.9097222222222222,0.9565217391304348,0.0,0.0
user9,T1,T1_LogReg,calibration_FAR<=0.10_floor_0.05,2,0.7877400643047713,23,43,0.9097222222222222,0.9565217391304348,0.0,0.0
user9,T1,T1_SVM_RBF,calibration_FAR<=0.10,2,0.3490300069772326,23,43,0.9513888888888888,1.0,0.008968609865470852,0.023809523809523808
user9,T1,T1_SVM_RBF,calibration_FAR<=0.10_floor_0.05,2,0.3490300069772326,23,43,0.9513888888888888,1.0,0.008968609865470852,0.023809523809523808
user9,T1,T1_kNN,calibration_FAR<=0.10,2,0.8,23,43,0.7152777777777778,0.8695652173913043,0.008968609865470852,0.0
user9,T1,T1_kNN,calibration_FAR<=0.10_floor_0.05,2,0.8,23,43,0.7152777777777778,0.8695652173913043,0.008968609865470852,0.0
user9,T1,T1_DecisionTree,calibration_FAR<=0.10,2,1.0,23,43,0.8194444444444444,0.9565217391304348,0.004484304932735426,0.0
user9,T1,T1_DecisionTree,calibration_FAR<=0.10_floor_0.05,2,1.0,23,43,0.8194444444444444,0.9565217391304348,0.004484304932735426,0.0
user9,T2,T2_RandomForest,calibration_FAR<=0.10,2,0.31333333333333335,23,43,0.9652777777777778,1.0,0.0,0.0
user9,T2,T2_RandomForest,calibration_FAR<=0.10_floor_0.05,2,0.31333333333333335,23,43,0.9652777777777778,1.0,0.0,0.0
user9,T2,T2_ExtraTrees,calibration_FAR<=0.10,2,0.4533333333333333,23,43,0.9305555555555556,1.0,0.0,0.0
user9,T2,T2_ExtraTrees,calibration_FAR<=0.10_floor_0.05,2,0.4533333333333333,23,43,0.9305555555555556,1.0,0.0,0.0
user9,T2,T2_GradientBoosting,calibration_FAR<=0.10,2,0.27405835218499996,23,43,0.9652777777777778,1.0,0.0,0.0
user9,T2,T2_GradientBoosting,calibration_FAR<=0.10_floor_0.05,2,0.27405835218499996,23,43,0.9652777777777778,1.0,0.0,0.0
user9,T2,T2_XGBoost,calibration_FAR<=0.10,2,0.2450682520866394,23,43,0.9583333333333334,1.0,0.0,0.0
user9,T2,T2_XGBoost,calibration_FAR<=0.10_floor_0.05,2,0.2450682520866394,23,43,0.9583333333333334,1.0,0.0,0.0
user9,T3,T3_1D_CNN,calibration_FAR<=0.10,2,0.9573270082473755,23,43,0.13194444444444445,0.0,0.0,0.0
user9,T3,T3_1D_CNN,calibration_FAR<=0.10_floor_0.05,2,0.9573270082473755,23,43,0.13194444444444445,0.0,0.0,0.0
