user,tier,model,threshold_policy,attack_type,seed,accept_threshold,bypass_rate_window,bypass_rate_session
user12,T0,T0_DistanceProfile,calibration_FAR<=0.10,sapiagent,0,0.6927089583100899,0.0,0.0
user12,T1,T1_LogReg,calibration_FAR<=0.10,sapiagent,0,0.7144356953762016,0.10416666666666667,0.0
user12,T1,T1_SVM_RBF,calibration_FAR<=0.10,sapiagent,0,0.7547163296430607,0.0,0.0
user12,T1,T1_kNN,calibration_FAR<=0.10,sapiagent,0,1.0,0.1375,0.0
user12,T1,T1_DecisionTree,calibration_FAR<=0.10,sapiagent,0,1.000000001,0.0,0.0
user12,T2,T2_RandomForest,calibration_FAR<=0.10,sapiagent,0,0.68,0.0,0.0
user12,T2,T2_ExtraTrees,calibration_FAR<=0.10,sapiagent,0,0.6966666666666667,0.0125,0.0
user12,T2,T2_GradientBoosting,calibration_FAR<=0.10,sapiagent,0,0.6900345680445568,0.0,0.0
user12,T2,T2_XGBoost,calibration_FAR<=0.10,sapiagent,0,0.7371686697006226,0.004166666666666667,0.0
user12,T3,T3_1D_CNN,calibration_FAR<=0.10,sapiagent,0,0.6203563809394836,0.45,0.45
user15,T0,T0_DistanceProfile,calibration_FAR<=0.10,sapiagent,0,0.7161446050472096,0.0,0.0
user15,T1,T1_LogReg,calibration_FAR<=0.10,sapiagent,0,0.7618273386713952,0.0,0.0
user15,T1,T1_SVM_RBF,calibration_FAR<=0.10,sapiagent,0,0.7507921270642898,0.0,0.0
user15,T1,T1_kNN,calibration_FAR<=0.10,sapiagent,0,1.0,0.03333333333333333,0.0
user15,T1,T1_DecisionTree,calibration_FAR<=0.10,sapiagent,0,1.000000001,0.0,0.0
user15,T2,T2_RandomForest,calibration_FAR<=0.10,sapiagent,0,0.6233333333333333,0.008333333333333333,0.0
user15,T2,T2_ExtraTrees,calibration_FAR<=0.10,sapiagent,0,0.69,0.0,0.0
user15,T2,T2_GradientBoosting,calibration_FAR<=0.10,sapiagent,0,0.6823684753440293,0.008333333333333333,0.0
user15,T2,T2_XGBoost,calibration_FAR<=0.10,sapiagent,0,0.6888836622238159,0.05,0.0
user15,T3,T3_1D_CNN,calibration_FAR<=0.10,sapiagent,0,0.5017629265785217,0.058333333333333334,0.0
user16,T0,T0_DistanceProfile,calibration_FAR<=0.10,sapiagent,0,0.692101676529081,0.0,0.0
user16,T1,T1_LogReg,calibration_FAR<=0.10,sapiagent,0,0.7356995042562976,0.004166666666666667,0.0
user16,T1,T1_SVM_RBF,calibration_FAR<=0.10,sapiagent,0,0.7552581917073409,0.0,0.0
user16,T1,T1_kNN,calibration_FAR<=0.10,sapiagent,0,1.0,0.06666666666666667,0.0
user16,T1,T1_DecisionTree,calibration_FAR<=0.10,sapiagent,0,1.000000001,0.0,0.0
user16,T2,T2_RandomForest,calibration_FAR<=0.10,sapiagent,0,0.6966666666666667,0.04583333333333333,0.0
user16,T2,T2_ExtraTrees,calibration_FAR<=0.10,sapiagent,0,0.72,0.0125,0.0
user16,T2,T2_GradientBoosting,calibration_FAR<=0.10,sapiagent,0,0.7326243701467638,0.6458333333333334,0.95
user16,T2,T2_XGBoost,calibration_FAR<=0.10,sapiagent,0,0.7156444191932678,0.2375,0.0
user16,T3,T3_1D_CNN,calibration_FAR<=0.10,sapiagent,0,0.5787507891654968,0.11666666666666667,0.0
user20,T0,T0_DistanceProfile,calibration_FAR<=0.10,sapiagent,0,0.6639931299395593,0.0,0.0
user20,T1,T1_LogReg,calibration_FAR<=0.10,sapiagent,0,0.650475259943945,0.05,0.0
user20,T1,T1_SVM_RBF,calibration_FAR<=0.10,sapiagent,0,0.6944936291806182,0.0,0.0
user20,T1,T1_kNN,calibration_FAR<=0.10,sapiagent,0,1.0,0.016666666666666666,0.0
user20,T1,T1_DecisionTree,calibration_FAR<=0.10,sapiagent,0,1.000000001,0.0,0.0
user20,T2,T2_RandomForest,calibration_FAR<=0.10,sapiagent,0,0.61,0.0,0.0
user20,T2,T2_ExtraTrees,calibration_FAR<=0.10,sapiagent,0,0.6166666666666667,0.0,0.0
user20,T2,T2_GradientBoosting,calibration_FAR<=0.10,sapiagent,0,0.6247359179547685,0.004166666666666667,0.0
user20,T2,T2_XGBoost,calibration_FAR<=0.10,sapiagent,0,0.6177418231964111,0.0,0.0
user20,T3,T3_1D_CNN,calibration_FAR<=0.10,sapiagent,0,0.7758929133415222,0.0,0.0
user21,T0,T0_DistanceProfile,calibration_FAR<=0.10,sapiagent,0,0.7122261758635781,0.0,0.0
user21,T1,T1_LogReg,calibration_FAR<=0.10,sapiagent,0,0.7328527817722313,0.8916666666666667,1.0
user21,T1,T1_SVM_RBF,calibration_FAR<=0.10,sapiagent,0,0.7986916660980514,0.0,0.0
user21,T1,T1_kNN,calibration_FAR<=0.10,sapiagent,0,1.0,0.004166666666666667,0.0
user21,T1,T1_DecisionTree,calibration_FAR<=0.10,sapiagent,0,1.000000001,0.0,0.0
user21,T2,T2_RandomForest,calibration_FAR<=0.10,sapiagent,0,0.7233333333333334,0.0,0.0
user21,T2,T2_ExtraTrees,calibration_FAR<=0.10,sapiagent,0,0.7466666666666667,0.0,0.0
user21,T2,T2_GradientBoosting,calibration_FAR<=0.10,sapiagent,0,0.823361436346595,0.029166666666666667,0.0
user21,T2,T2_XGBoost,calibration_FAR<=0.10,sapiagent,0,0.8612804412841797,0.12916666666666668,0.05
user21,T3,T3_1D_CNN,calibration_FAR<=0.10,sapiagent,0,0.8463189005851746,0.4875,0.6
user23,T0,T0_DistanceProfile,calibration_FAR<=0.10,sapiagent,0,0.6946730119532017,0.0,0.0
user23,T1,T1_LogReg,calibration_FAR<=0.10,sapiagent,0,0.7547980218980502,0.09166666666666666,0.0
user23,T1,T1_SVM_RBF,calibration_FAR<=0.10,sapiagent,0,0.7541112568513179,0.0,0.0
user23,T1,T1_kNN,calibration_FAR<=0.10,sapiagent,0,1.0,0.5625,0.8
user23,T1,T1_DecisionTree,calibration_FAR<=0.10,sapiagent,0,1.000000001,0.0,0.0
user23,T2,T2_RandomForest,calibration_FAR<=0.10,sapiagent,0,0.71,0.0,0.0
user23,T2,T2_ExtraTrees,calibration_FAR<=0.10,sapiagent,0,0.7166666666666667,0.0,0.0
user23,T2,T2_GradientBoosting,calibration_FAR<=0.10,sapiagent,0,0.7738625701250986,0.020833333333333332,0.0
user23,T2,T2_XGBoost,calibration_FAR<=0.10,sapiagent,0,0.8400070667266846,0.020833333333333332,0.0
user23,T3,T3_1D_CNN,calibration_FAR<=0.10,sapiagent,0,0.7156016826629639,0.18333333333333332,0.0
user29,T0,T0_DistanceProfile,calibration_FAR<=0.10,sapiagent,0,0.6750473512591059,0.0,0.0
user29,T1,T1_LogReg,calibration_FAR<=0.10,sapiagent,0,0.5385304801452376,0.175,0.05
user29,T1,T1_SVM_RBF,calibration_FAR<=0.10,sapiagent,0,0.6638808266077283,0.0,0.0
user29,T1,T1_kNN,calibration_FAR<=0.10,sapiagent,0,0.8,0.0,0.0
user29,T1,T1_DecisionTree,calibration_FAR<=0.10,sapiagent,0,1.000000001,0.0,0.0
user29,T2,T2_RandomForest,calibration_FAR<=0.10,sapiagent,0,0.5266666666666666,0.0,0.0
user29,T2,T2_ExtraTrees,calibration_FAR<=0.10,sapiagent,0,0.5533333333333333,0.0,0.0
user29,T2,T2_GradientBoosting,calibration_FAR<=0.10,sapiagent,0,0.527243308935101,0.0,0.0
user29,T2,T2_XGBoost,calibration_FAR<=0.10,sapiagent,0,0.5266752243041992,0.0,0.0
user29,T3,T3_1D_CNN,calibration_FAR<=0.10,sapiagent,0,0.507790207862854,0.004166666666666667,0.0
user35,T0,T0_DistanceProfile,calibration_FAR<=0.10,sapiagent,0,0.6930064649952766,0.0,0.0
user35,T1,T1_LogReg,calibration_FAR<=0.10,sapiagent,0,0.7458110087921945,0.6791666666666667,1.0
user35,T1,T1_SVM_RBF,calibration_FAR<=0.10,sapiagent,0,0.780691443266721,0.0,0.0
user35,T1,T1_kNN,calibration_FAR<=0.10,sapiagent,0,1.0,0.4791666666666667,0.6
user35,T1,T1_DecisionTree,calibration_FAR<=0.10,sapiagent,0,1.000000001,0.0,0.0
user35,T2,T2_RandomForest,calibration_FAR<=0.10,sapiagent,0,0.74,0.0,0.0
user35,T2,T2_ExtraTrees,calibration_FAR<=0.10,sapiagent,0,0.74,0.23333333333333334,0.0
user35,T2,T2_GradientBoosting,calibration_FAR<=0.10,sapiagent,0,0.815003407634131,0.10416666666666667,0.0
user35,T2,T2_XGBoost,calibration_FAR<=0.10,sapiagent,0,0.8554753065109253,0.375,0.3
user35,T3,T3_1D_CNN,calibration_FAR<=0.10,sapiagent,0,0.7223923206329346,0.15833333333333333,0.0
user7,T0,T0_DistanceProfile,calibration_FAR<=0.10,sapiagent,0,0.6282407382074383,0.0,0.0
user7,T1,T1_LogReg,calibration_FAR<=0.10,sapiagent,0,0.5847730966620088,0.0,0.0
user7,T1,T1_SVM_RBF,calibration_FAR<=0.10,sapiagent,0,0.508975610573078,0.0,0.0
user7,T1,T1_kNN,calibration_FAR<=0.10,sapiagent,0,1.0,0.0,0.0
user7,T1,T1_DecisionTree,calibration_FAR<=0.10,sapiagent,0,1.000000001,0.0,0.0
user7,T2,T2_RandomForest,calibration_FAR<=0.10,sapiagent,0,0.55,0.0,0.0
user7,T2,T2_ExtraTrees,calibration_FAR<=0.10,sapiagent,0,0.55,0.0,0.0
user7,T2,T2_GradientBoosting,calibration_FAR<=0.10,sapiagent,0,0.5816252721190519,0.0,0.0
user7,T2,T2_XGBoost,calibration_FAR<=0.10,sapiagent,0,0.47316035628318787,0.0,0.0
user7,T3,T3_1D_CNN,calibration_FAR<=0.10,sapiagent,0,0.36327436566352844,0.0,0.0
user9,T0,T0_DistanceProfile,calibration_FAR<=0.10,sapiagent,0,0.6509325898901018,0.0,0.0
user9,T1,T1_LogReg,calibration_FAR<=0.10,sapiagent,0,0.11997613609729514,0.016666666666666666,0.0
user9,T1,T1_SVM_RBF,calibration_FAR<=0.10,sapiagent,0,0.04183111761751193,0.9916666666666667,1.0
user9,T1,T1_kNN,calibration_FAR<=0.10,sapiagent,0,0.6,0.016666666666666666,0.0
user9,T1,T1_DecisionTree,calibration_FAR<=0.10,sapiagent,0,1.0,0.37083333333333335,0.25
user9,T2,T2_RandomForest,calibration_FAR<=0.10,sapiagent,0,0.14666666666666667,0.0,0.0
user9,T2,T2_ExtraTrees,calibration_FAR<=0.10,sapiagent,0,0.15666666666666668,0.19166666666666668,0.0
user9,T2,T2_GradientBoosting,calibration_FAR<=0.10,sapiagent,0,0.06706525573274713,0.4583333333333333,0.6
user9,T2,T2_XGBoost,calibration_FAR<=0.10,sapiagent,0,0.018225446343421936,0.0125,0.0
user9,T3,T3_1D_CNN,calibration_FAR<=0.10,sapiagent,0,2.367550587223377e-05,0.4625,0.45
user12,T0,T0_DistanceProfile,calibration_FAR<=0.10,sapiagent,1,0.6844978327446893,0.0,0.0
user12,T1,T1_LogReg,calibration_FAR<=0.10,sapiagent,1,0.734002974179301,0.08333333333333333,0.0
user12,T1,T1_SVM_RBF,calibration_FAR<=0.10,sapiagent,1,0.7511315423368196,0.0,0.0
user12,T1,T1_kNN,calibration_FAR<=0.10,sapiagent,1,1.0,0.1375,0.0
user12,T1,T1_DecisionTree,calibration_FAR<=0.10,sapiagent,1,1.000000001,0.0,0.0
user12,T2,T2_RandomForest,calibration_FAR<=0.10,sapiagent,1,0.69,0.004166666666666667,0.0
user12,T2,T2_ExtraTrees,calibration_FAR<=0.10,sapiagent,1,0.7,0.16666666666666666,0.0
user12,T2,T2_GradientBoosting,calibration_FAR<=0.10,sapiagent,1,0.6887593951385911,0.0,0.0
user12,T2,T2_XGBoost,calibration_FAR<=0.10,sapiagent,1,0.7178846001625061,0.058333333333333334,0.0
user12,T3,T3_1D_CNN,calibration_FAR<=0.10,sapiagent,1,0.7845514416694641,0.4666666666666667,0.55
user15,T0,T0_DistanceProfile,calibration_FAR<=0.10,sapiagent,1,0.6782748817828708,0.0,0.0
user15,T1,T1_LogReg,calibration_FAR<=0.10,sapiagent,1,0.7362612182542368,0.0375,0.0
user15,T1,T1_SVM_RBF,calibration_FAR<=0.10,sapiagent,1,0.7823658243540601,0.0,0.0
user15,T1,T1_kNN,calibration_FAR<=0.10,sapiagent,1,1.0,0.008333333333333333,0.0
user15,T1,T1_DecisionTree,calibration_FAR<=0.10,sapiagent,1,1.000000001,0.0,0.0
user15,T2,T2_RandomForest,calibration_FAR<=0.10,sapiagent,1,0.6833333333333333,0.025,0.0
user15,T2,T2_ExtraTrees,calibration_FAR<=0.10,sapiagent,1,0.7,0.03333333333333333,0.0
user15,T2,T2_GradientBoosting,calibration_FAR<=0.10,sapiagent,1,0.7230315817394938,0.0,0.0
user15,T2,T2_XGBoost,calibration_FAR<=0.10,sapiagent,1,0.7614246010780334,0.041666666666666664,0.0
user15,T3,T3_1D_CNN,calibration_FAR<=0.10,sapiagent,1,0.4476315975189209,0.2791666666666667,0.0
user16,T0,T0_DistanceProfile,calibration_FAR<=0.10,sapiagent,1,0.7081176775554989,0.0,0.0
user16,T1,T1_LogReg,calibration_FAR<=0.10,sapiagent,1,0.7571425386788686,0.0,0.0
user16,T1,T1_SVM_RBF,calibration_FAR<=0.10,sapiagent,1,0.7753620029192048,0.0,0.0
user16,T1,T1_kNN,calibration_FAR<=0.10,sapiagent,1,1.0,0.14166666666666666,0.0
user16,T1,T1_DecisionTree,calibration_FAR<=0.10,sapiagent,1,1.000000001,0.0,0.0
user16,T2,T2_RandomForest,calibration_FAR<=0.10,sapiagent,1,0.7233333333333334,0.0125,0.0
user16,T2,T2_ExtraTrees,calibration_FAR<=0.10,sapiagent,1,0.7333333333333333,0.0,0.0
user16,T2,T2_GradientBoosting,calibration_FAR<=0.10,sapiagent,1,0.7365503264832955,0.058333333333333334,0.0
user16,T2,T2_XGBoost,calibration_FAR<=0.10,sapiagent,1,0.7528771758079529,0.22916666666666666,0.0
user16,T3,T3_1D_CNN,calibration_FAR<=0.10,sapiagent,1,0.5510481595993042,0.0,0.0
user20,T0,T0_DistanceProfile,calibration_FAR<=0.10,sapiagent,1,0.6753780576055172,0.0,0.0
user20,T1,T1_LogReg,calibration_FAR<=0.10,sapiagent,1,0.7118153328324461,0.09583333333333334,0.0
user20,T1,T1_SVM_RBF,calibration_FAR<=0.10,sapiagent,1,0.750163371745213,0.0,0.0
user20,T1,T1_kNN,calibration_FAR<=0.10,sapiagent,1,1.0,0.004166666666666667,0.0
user20,T1,T1_DecisionTree,calibration_FAR<=0.10,sapiagent,1,1.000000001,0.0,0.0
user20,T2,T2_RandomForest,calibration_FAR<=0.10,sapiagent,1,0.6433333333333333,0.0,0.0
user20,T2,T2_ExtraTrees,calibration_FAR<=0.10,sapiagent,1,0.67,0.0,0.0
user20,T2,T2_GradientBoosting,calibration_FAR<=0.10,sapiagent,1,0.7067020566232758,0.008333333333333333,0.0
user20,T2,T2_XGBoost,calibration_FAR<=0.10,sapiagent,1,0.69318687915802,0.004166666666666667,0.0
user20,T3,T3_1D_CNN,calibration_FAR<=0.10,sapiagent,1,0.5235840678215027,0.0,0.0
user21,T0,T0_DistanceProfile,calibration_FAR<=0.10,sapiagent,1,0.6989989096747867,0.0,0.0
user21,T1,T1_LogReg,calibration_FAR<=0.10,sapiagent,1,0.704587742100813,0.8,1.0
user21,T1,T1_SVM_RBF,calibration_FAR<=0.10,sapiagent,1,0.7242886660989325,0.0,0.0
user21,T1,T1_kNN,calibration_FAR<=0.10,sapiagent,1,1.0,0.0,0.0
user21,T1,T1_DecisionTree,calibration_FAR<=0.10,sapiagent,1,1.000000001,0.0,0.0
user21,T2,T2_RandomForest,calibration_FAR<=0.10,sapiagent,1,0.6033333333333334,0.0,0.0
user21,T2,T2_ExtraTrees,calibration_FAR<=0.10,sapiagent,1,0.6466666666666666,0.0,0.0
user21,T2,T2_GradientBoosting,calibration_FAR<=0.10,sapiagent,1,0.6805724806858328,0.020833333333333332,0.0
user21,T2,T2_XGBoost,calibration_FAR<=0.10,sapiagent,1,0.6814472675323486,0.12916666666666668,0.0
user21,T3,T3_1D_CNN,calibration_FAR<=0.10,sapiagent,1,0.7616302371025085,0.6291666666666667,0.8
user23,T0,T0_DistanceProfile,calibration_FAR<=0.10,sapiagent,1,0.7056836859096403,0.0,0.0
user23,T1,T1_LogReg,calibration_FAR<=0.10,sapiagent,1,0.7941420687366509,0.03333333333333333,0.0
user23,T1,T1_SVM_RBF,calibration_FAR<=0.10,sapiagent,1,0.7781346334361627,0.0,0.0
user23,T1,T1_kNN,calibration_FAR<=0.10,sapiagent,1,1.000000001,0.0,0.0
user23,T1,T1_DecisionTree,calibration_FAR<=0.10,sapiagent,1,1.000000001,0.0,0.0
user23,T2,T2_RandomForest,calibration_FAR<=0.10,sapiagent,1,0.7,0.0,0.0
user23,T2,T2_ExtraTrees,calibration_FAR<=0.10,sapiagent,1,0.7333333333333333,0.0,0.0
user23,T2,T2_GradientBoosting,calibration_FAR<=0.10,sapiagent,1,0.7567376523913855,0.0,0.0
user23,T2,T2_XGBoost,calibration_FAR<=0.10,sapiagent,1,0.823258638381958,0.004166666666666667,0.0
user23,T3,T3_1D_CNN,calibration_FAR<=0.10,sapiagent,1,0.5827480554580688,0.175,0.05
user29,T0,T0_DistanceProfile,calibration_FAR<=0.10,sapiagent,1,0.6632297465488074,0.0,0.0
user29,T1,T1_LogReg,calibration_FAR<=0.10,sapiagent,1,0.5550197404292313,0.19583333333333333,0.0
user29,T1,T1_SVM_RBF,calibration_FAR<=0.10,sapiagent,1,0.6864259717283228,0.0,0.0
user29,T1,T1_kNN,calibration_FAR<=0.10,sapiagent,1,0.8,0.016666666666666666,0.0
user29,T1,T1_DecisionTree,calibration_FAR<=0.10,sapiagent,1,1.000000001,0.0,0.0
user29,T2,T2_RandomForest,calibration_FAR<=0.10,sapiagent,1,0.59,0.0,0.0
user29,T2,T2_ExtraTrees,calibration_FAR<=0.10,sapiagent,1,0.5833333333333334,0.0,0.0
user29,T2,T2_GradientBoosting,calibration_FAR<=0.10,sapiagent,1,0.6151030909904515,0.0,0.0
user29,T2,T2_XGBoost,calibration_FAR<=0.10,sapiagent,1,0.5736424922943115,0.0,0.0
user29,T3,T3_1D_CNN,calibration_FAR<=0.10,sapiagent,1,0.4858110249042511,0.0,0.0
user35,T0,T0_DistanceProfile,calibration_FAR<=0.10,sapiagent,1,0.702435510138341,0.0,0.0
user35,T1,T1_LogReg,calibration_FAR<=0.10,sapiagent,1,0.7507511485888466,0.9708333333333333,1.0
user35,T1,T1_SVM_RBF,calibration_FAR<=0.10,sapiagent,1,0.7937412123963833,0.0,0.0
user35,T1,T1_kNN,calibration_FAR<=0.10,sapiagent,1,1.0,0.375,0.25
user35,T1,T1_DecisionTree,calibration_FAR<=0.10,sapiagent,1,1.000000001,0.0,0.0
user35,T2,T2_RandomForest,calibration_FAR<=0.10,sapiagent,1,0.6966666666666667,0.0,0.0
user35,T2,T2_ExtraTrees,calibration_FAR<=0.10,sapiagent,1,0.74,0.0125,0.0
user35,T2,T2_GradientBoosting,calibration_FAR<=0.10,sapiagent,1,0.7557861529304837,0.0,0.0
user35,T2,T2_XGBoost,calibration_FAR<=0.10,sapiagent,1,0.7910270690917969,0.2125,0.0
user35,T3,T3_1D_CNN,calibration_FAR<=0.10,sapiagent,1,0.6146731376647949,0.5958333333333333,0.75
user7,T0,T0_DistanceProfile,calibration_FAR<=0.10,sapiagent,1,0.6302214942530818,0.0,0.0
user7,T1,T1_LogReg,calibration_FAR<=0.10,sapiagent,1,0.5993426099308427,0.0,0.0
user7,T1,T1_SVM_RBF,calibration_FAR<=0.10,sapiagent,1,0.483138132468998,0.0,0.0
user7,T1,T1_kNN,calibration_FAR<=0.10,sapiagent,1,1.0,0.004166666666666667,0.0
user7,T1,T1_DecisionTree,calibration_FAR<=0.10,sapiagent,1,1.0,0.0,0.0
user7,T2,T2_RandomForest,calibration_FAR<=0.10,sapiagent,1,0.5566666666666666,0.0,0.0
user7,T2,T2_ExtraTrees,calibration_FAR<=0.10,sapiagent,1,0.5533333333333333,0.0,0.0
user7,T2,T2_GradientBoosting,calibration_FAR<=0.10,sapiagent,1,0.5387041900802468,0.0,0.0
user7,T2,T2_XGBoost,calibration_FAR<=0.10,sapiagent,1,0.47738438844680786,0.0,0.0
user7,T3,T3_1D_CNN,calibration_FAR<=0.10,sapiagent,1,0.10918331146240234,0.004166666666666667,0.0
user9,T0,T0_DistanceProfile,calibration_FAR<=0.10,sapiagent,1,0.6512208698934587,0.0,0.0
user9,T1,T1_LogReg,calibration_FAR<=0.10,sapiagent,1,0.13783814856681187,0.0625,0.0
user9,T1,T1_SVM_RBF,calibration_FAR<=0.10,sapiagent,1,0.06761131078379591,0.9833333333333333,1.0
user9,T1,T1_kNN,calibration_FAR<=0.10,sapiagent,1,0.6,0.04583333333333333,0.0
user9,T1,T1_DecisionTree,calibration_FAR<=0.10,sapiagent,1,1.0,0.0,0.0
user9,T2,T2_RandomForest,calibration_FAR<=0.10,sapiagent,1,0.16333333333333333,0.0,0.0
user9,T2,T2_ExtraTrees,calibration_FAR<=0.10,sapiagent,1,0.19333333333333333,0.058333333333333334,0.0
user9,T2,T2_GradientBoosting,calibration_FAR<=0.10,sapiagent,1,0.07165014406511762,0.37916666666666665,0.3
user9,T2,T2_XGBoost,calibration_FAR<=0.10,sapiagent,1,0.02546396479010582,0.0375,0.0
user9,T3,T3_1D_CNN,calibration_FAR<=0.10,sapiagent,1,8.962915308075026e-05,0.29583333333333334,0.1
user12,T0,T0_DistanceProfile,calibration_FAR<=0.10,sapiagent,2,0.6869190224466284,0.0,0.0
user12,T1,T1_LogReg,calibration_FAR<=0.10,sapiagent,2,0.7367392720658573,0.2375,0.0
user12,T1,T1_SVM_RBF,calibration_FAR<=0.10,sapiagent,2,0.7231261537414269,0.0,0.0
user12,T1,T1_kNN,calibration_FAR<=0.10,sapiagent,2,1.0,0.15,0.0
user12,T1,T1_DecisionTree,calibration_FAR<=0.10,sapiagent,2,1.000000001,0.0,0.0
user12,T2,T2_RandomForest,calibration_FAR<=0.10,sapiagent,2,0.69,0.0,0.0
user12,T2,T2_ExtraTrees,calibration_FAR<=0.10,sapiagent,2,0.68,0.004166666666666667,0.0
user12,T2,T2_GradientBoosting,calibration_FAR<=0.10,sapiagent,2,0.7064197402955529,0.06666666666666667,0.0
user12,T2,T2_XGBoost,calibration_FAR<=0.10,sapiagent,2,0.7180398106575012,0.0,0.0
user12,T3,T3_1D_CNN,calibration_FAR<=0.10,sapiagent,2,0.830356240272522,0.425,0.4
user15,T0,T0_DistanceProfile,calibration_FAR<=0.10,sapiagent,2,0.6974325841595754,0.0,0.0
user15,T1,T1_LogReg,calibration_FAR<=0.10,sapiagent,2,0.7657525382845354,0.0,0.0
user15,T1,T1_SVM_RBF,calibration_FAR<=0.10,sapiagent,2,0.7468267032877476,0.0,0.0
user15,T1,T1_kNN,calibration_FAR<=0.10,sapiagent,2,1.0,0.0625,0.0
user15,T1,T1_DecisionTree,calibration_FAR<=0.10,sapiagent,2,1.000000001,0.0,0.0
user15,T2,T2_RandomForest,calibration_FAR<=0.10,sapiagent,2,0.68,0.0,0.0
user15,T2,T2_ExtraTrees,calibration_FAR<=0.10,sapiagent,2,0.64,0.1375,0.0
user15,T2,T2_GradientBoosting,calibration_FAR<=0.10,sapiagent,2,0.711924448700249,0.0,0.0
user15,T2,T2_XGBoost,calibration_FAR<=0.10,sapiagent,2,0.7141447067260742,0.0125,0.0
user15,T3,T3_1D_CNN,calibration_FAR<=0.10,sapiagent,2,0.5962046980857849,0.004166666666666667,0.0
user16,T0,T0_DistanceProfile,calibration_FAR<=0.10,sapiagent,2,0.70727381932493,0.0,0.0
user16,T1,T1_LogReg,calibration_FAR<=0.10,sapiagent,2,0.7525690827130866,0.008333333333333333,0.0
user16,T1,T1_SVM_RBF,calibration_FAR<=0.10,sapiagent,2,0.7772449434817789,0.0,0.0
user16,T1,T1_kNN,calibration_FAR<=0.10,sapiagent,2,1.0,0.1,0.0
user16,T1,T1_DecisionTree,calibration_FAR<=0.10,sapiagent,2,1.000000001,0.0,0.0
user16,T2,T2_RandomForest,calibration_FAR<=0.10,sapiagent,2,0.72,0.016666666666666666,0.0
user16,T2,T2_ExtraTrees,calibration_FAR<=0.10,sapiagent,2,0.7233333333333334,0.0125,0.0
user16,T2,T2_GradientBoosting,calibration_FAR<=0.10,sapiagent,2,0.7569902128823882,0.3333333333333333,0.15
user16,T2,T2_XGBoost,calibration_FAR<=0.10,sapiagent,2,0.7777977585792542,0.17916666666666667,0.0
user16,T3,T3_1D_CNN,calibration_FAR<=0.10,sapiagent,2,0.6198561191558838,0.6,0.9
user20,T0,T0_DistanceProfile,calibration_FAR<=0.10,sapiagent,2,0.6581498131843724,0.0,0.0
user20,T1,T1_LogReg,calibration_FAR<=0.10,sapiagent,2,0.6697977555710196,0.04583333333333333,0.0
user20,T1,T1_SVM_RBF,calibration_FAR<=0.10,sapiagent,2,0.7591353445996334,0.0,0.0
user20,T1,T1_kNN,calibration_FAR<=0.10,sapiagent,2,1.0,0.0125,0.0
user20,T1,T1_DecisionTree,calibration_FAR<=0.10,sapiagent,2,1.000000001,0.0,0.0
user20,T2,T2_RandomForest,calibration_FAR<=0.10,sapiagent,2,0.6466666666666666,0.0,0.0
user20,T2,T2_ExtraTrees,calibration_FAR<=0.10,sapiagent,2,0.6566666666666666,0.0,0.0
user20,T2,T2_GradientBoosting,calibration_FAR<=0.10,sapiagent,2,0.6451748008159719,0.0375,0.0
user20,T2,T2_XGBoost,calibration_FAR<=0.10,sapiagent,2,0.6563896536827087,0.0,0.0
user20,T3,T3_1D_CNN,calibration_FAR<=0.10,sapiagent,2,0.8633103370666504,0.0,0.0
user21,T0,T0_DistanceProfile,calibration_FAR<=0.10,sapiagent,2,0.6995307674103749,0.0,0.0
user21,T1,T1_LogReg,calibration_FAR<=0.10,sapiagent,2,0.6765495277945411,0.7208333333333333,1.0
user21,T1,T1_SVM_RBF,calibration_FAR<=0.10,sapiagent,2,0.6939258702428377,0.0,0.0
user21,T1,T1_kNN,calibration_FAR<=0.10,sapiagent,2,1.0,0.0,0.0
user21,T1,T1_DecisionTree,calibration_FAR<=0.10,sapiagent,2,1.000000001,0.0,0.0
user21,T2,T2_RandomForest,calibration_FAR<=0.10,sapiagent,2,0.6166666666666667,0.0,0.0
user21,T2,T2_ExtraTrees,calibration_FAR<=0.10,sapiagent,2,0.6433333333333333,0.0,0.0
user21,T2,T2_GradientBoosting,calibration_FAR<=0.10,sapiagent,2,0.6579048002562969,0.35,0.25
user21,T2,T2_XGBoost,calibration_FAR<=0.10,sapiagent,2,0.6761851906776428,0.4125,0.4
user21,T3,T3_1D_CNN,calibration_FAR<=0.10,sapiagent,2,0.804600715637207,0.8625,1.0
user23,T0,T0_DistanceProfile,calibration_FAR<=0.10,sapiagent,2,0.69325349814407,0.0,0.0
user23,T1,T1_LogReg,calibration_FAR<=0.10,sapiagent,2,0.761971578879506,0.008333333333333333,0.0
user23,T1,T1_SVM_RBF,calibration_FAR<=0.10,sapiagent,2,0.7318685601603736,0.0,0.0
user23,T1,T1_kNN,calibration_FAR<=0.10,sapiagent,2,1.0,0.1875,0.0
user23,T1,T1_DecisionTree,calibration_FAR<=0.10,sapiagent,2,1.000000001,0.0,0.0
user23,T2,T2_RandomForest,calibration_FAR<=0.10,sapiagent,2,0.6766666666666666,0.0,0.0
user23,T2,T2_ExtraTrees,calibration_FAR<=0.10,sapiagent,2,0.6933333333333334,0.004166666666666667,0.0
user23,T2,T2_GradientBoosting,calibration_FAR<=0.10,sapiagent,2,0.7028449928015386,0.07083333333333333,0.0
user23,T2,T2_XGBoost,calibration_FAR<=0.10,sapiagent,2,0.7698398232460022,0.11666666666666667,0.0
user23,T3,T3_1D_CNN,calibration_FAR<=0.10,sapiagent,2,0.6315667033195496,0.12916666666666668,0.0
user29,T0,T0_DistanceProfile,calibration_FAR<=0.10,sapiagent,2,0.6950852673063094,0.0,0.0
user29,T1,T1_LogReg,calibration_FAR<=0.10,sapiagent,2,0.6795352853315213,0.11666666666666667,0.0
user29,T1,T1_SVM_RBF,calibration_FAR<=0.10,sapiagent,2,0.7512363868467907,0.0,0.0
user29,T1,T1_kNN,calibration_FAR<=0.10,sapiagent,2,1.0,0.0,0.0
user29,T1,T1_DecisionTree,calibration_FAR<=0.10,sapiagent,2,1.000000001,0.0,0.0
user29,T2,T2_RandomForest,calibration_FAR<=0.10,sapiagent,2,0.6233333333333333,0.0,0.0
user29,T2,T2_ExtraTrees,calibration_FAR<=0.10,sapiagent,2,0.63,0.004166666666666667,0.0
user29,T2,T2_GradientBoosting,calibration_FAR<=0.10,sapiagent,2,0.6736792869467594,0.125,0.0
user29,T2,T2_XGBoost,calibration_FAR<=0.10,sapiagent,2,0.7373524308204651,0.0,0.0
user29,T3,T3_1D_CNN,calibration_FAR<=0.10,sapiagent,2,0.4648130238056183,0.025,0.0
user35,T0,T0_DistanceProfile,calibration_FAR<=0.10,sapiagent,2,0.6890270622721031,0.0,0.0
user35,T1,T1_LogReg,calibration_FAR<=0.10,sapiagent,2,0.7491383279564638,0.9166666666666666,1.0
user35,T1,T1_SVM_RBF,calibration_FAR<=0.10,sapiagent,2,0.7654880966092965,0.0,0.0
user35,T1,T1_kNN,calibration_FAR<=0.10,sapiagent,2,1.0,0.3333333333333333,0.15
user35,T1,T1_DecisionTree,calibration_FAR<=0.10,sapiagent,2,1.000000001,0.0,0.0
user35,T2,T2_RandomForest,calibration_FAR<=0.10,sapiagent,2,0.7,0.008333333333333333,0.0
user35,T2,T2_ExtraTrees,calibration_FAR<=0.10,sapiagent,2,0.6866666666666666,0.2375,0.1
user35,T2,T2_GradientBoosting,calibration_FAR<=0.10,sapiagent,2,0.7454989647524567,0.07083333333333333,0.0
user35,T2,T2_XGBoost,calibration_FAR<=0.10,sapiagent,2,0.7907559275627136,0.6708333333333333,0.95
user35,T3,T3_1D_CNN,calibration_FAR<=0.10,sapiagent,2,0.829127848148346,0.37083333333333335,0.2
user7,T0,T0_DistanceProfile,calibration_FAR<=0.10,sapiagent,2,0.6320991307451486,0.0,0.0
user7,T1,T1_LogReg,calibration_FAR<=0.10,sapiagent,2,0.6501697857228381,0.0,0.0
user7,T1,T1_SVM_RBF,calibration_FAR<=0.10,sapiagent,2,0.5685235364077196,0.0,0.0
user7,T1,T1_kNN,calibration_FAR<=0.10,sapiagent,2,1.0,0.0,0.0
user7,T1,T1_DecisionTree,calibration_FAR<=0.10,sapiagent,2,1.000000001,0.0,0.0
user7,T2,T2_RandomForest,calibration_FAR<=0.10,sapiagent,2,0.5933333333333334,0.0,0.0
user7,T2,T2_ExtraTrees,calibration_FAR<=0.10,sapiagent,2,0.63,0.0,0.0
user7,T2,T2_GradientBoosting,calibration_FAR<=0.10,sapiagent,2,0.6219286547158079,0.0,0.0
user7,T2,T2_XGBoost,calibration_FAR<=0.10,sapiagent,2,0.5098840594291687,0.0,0.0
user7,T3,T3_1D_CNN,calibration_FAR<=0.10,sapiagent,2,0.5777596831321716,0.0,0.0
user9,T0,T0_DistanceProfile,calibration_FAR<=0.10,sapiagent,2,0.6508941901976376,0.0,0.0
user9,T1,T1_LogReg,calibration_FAR<=0.10,sapiagent,2,0.12901662811865655,0.004166666666666667,0.0
user9,T1,T1_SVM_RBF,calibration_FAR<=0.10,sapiagent,2,0.059995857141020174,0.9875,1.0
user9,T1,T1_kNN,calibration_FAR<=0.10,sapiagent,2,0.6,0.058333333333333334,0.0
user9,T1,T1_DecisionTree,calibration_FAR<=0.10,sapiagent,2,1.0,0.325,0.2
user9,T2,T2_RandomForest,calibration_FAR<=0.10,sapiagent,2,0.14666666666666667,0.0,0.0
user9,T2,T2_ExtraTrees,calibration_FAR<=0.10,sapiagent,2,0.17,0.029166666666666667,0.0
user9,T2,T2_GradientBoosting,calibration_FAR<=0.10,sapiagent,2,0.061706087290380754,0.4041666666666667,0.4
user9,T2,T2_XGBoost,calibration_FAR<=0.10,sapiagent,2,0.02652985230088234,0.016666666666666666,0.0
user9,T3,T3_1D_CNN,calibration_FAR<=0.10,sapiagent,2,0.0006534545682370663,0.5083333333333333,0.65
