source,id,velocity_mean,pause_rate,curvature_mean,angle_var,jerk_mean
genuine,user12/session_2144641057,1041.5660951208647,0.7804668669726286,3.5513326729206165,1.827361228632945,40372225.76548228
genuine,user12/session_5265929106,958.1336900380121,0.791380483880948,3.8420649816719137,1.8049083520660214,35342519.186035626
genuine,user12/session_5815391283,810.507493129576,0.8195008705745792,3.8647400970203,1.856150377927497,30943365.66484326
genuine,user12/session_7409188284,1880.3859343536228,0.5978194291314468,3.202511874254117,1.823696060224283,70212023.63633874
genuine,user12/session_8872593360,1088.5225021125793,0.7744262295081967,3.5325255203926598,1.833207908191124,42401042.74482096
genuine,user12/session_9031593624,802.1022379855117,0.8199865158438835,3.828809166912643,1.8457458278256755,30044342.17635921
genuine,user12/session_9838420452,896.7749089460799,0.8045555480788641,3.8833833240679736,1.8181902676923094,32626163.599892214
genuine,user15/session_0205904470,843.3225944685652,0.8039169969689904,4.549210548980696,1.6713990785115815,31895906.98426931
genuine,user15/session_1366248436,786.5817307189872,0.7757790644720578,5.36006915520751,1.6424423950831897,33151431.992507048
genuine,user15/session_5657866014,706.423576437113,0.8152141889104944,5.3398237379981035,1.671556533787409,28241961.425406165
genuine,user15/session_6715291950,931.9230390958205,0.765005225135172,4.92681440057759,1.6333951893279954,34055992.26024056
genuine,user15/session_8694009379,804.0567657772336,0.7618823327909566,5.548959045345206,1.6496424745968117,32594148.793602675
genuine,user15/session_8848361933,1089.3232594886783,0.7413461538461539,5.351669732452336,1.6752044913849315,43033742.01576176
genuine,user16/session_0735651357,981.6173126289633,0.7106622565779693,6.06440773829514,1.6873126056480858,40163390.951782
genuine,user16/session_1607878631,893.1880091473014,0.7438184994970085,5.922732370661645,1.6958212265022905,36911145.21037533
genuine,user16/session_1658051584,1026.5823608649614,0.7149797138586377,5.866659656809159,1.7139475341495773,42303712.09106629
genuine,user16/session_3012944488,1169.5136263563547,0.7054255110277274,5.912778608897202,1.680906964910368,43486614.09069557
genuine,user16/session_5398005306,1105.976235178023,0.6940503744043567,5.561551083295502,1.6697318116917603,46370960.26318741
genuine,user16/session_6961018175,983.3822036331053,0.7309694667229492,6.024119712991184,1.7191236015479059,37741761.315786265
genuine,user20/session_0214655159,3710.4527292475677,0.2038106877013665,1.177767704217535,1.772794044189154,89681193.02751425
genuine,user20/session_0764157160,3806.3386175522746,0.1915132221538907,1.1529020468338116,1.7409510887827215,92325426.67996533
genuine,user20/session_2372891077,2533.912042834488,0.16141594687702832,0.8185454640649941,1.421012246584895,59741743.87664524
genuine,user20/session_3767642011,3703.9559734489035,0.20133446637081798,0.9521664687434291,1.6256998724859946,86831131.2451239
genuine,user20/session_7888368102,3377.7896862151,0.20107502942018385,1.1529838542870405,1.7055436045247845,81855454.29690082
genuine,user20/session_9673196280,898.8296053114366,0.767881408276714,5.4294859104002775,1.6944448147109992,39952021.77754466
genuine,user20/session_9818121880,2966.7211756845086,0.16692647772865504,0.8592195555670853,1.4908202349068826,69522240.86164036
genuine,user21/session_0347800921,1051.5588640434532,0.7338581716099108,4.903227689120446,1.6475352972395458,43222312.98659532
genuine,user21/session_0639882460,1017.9794486941456,0.7129167611703334,6.68173995740991,1.6821717420464182,45410771.41591188
genuine,user21/session_5306911480,937.740048398454,0.7401816911250874,6.122800101064903,1.6661123615585616,39896437.061836764
genuine,user21/session_6886360376,1007.2300993195717,0.7628885282736237,4.653954434146145,1.7180536292879955,39397507.03913722
genuine,user21/session_7001496014,893.8015166798486,0.7309470124013528,6.6112698363670885,1.6745875284139098,37906353.430367984
genuine,user21/session_7767882493,899.1481440032811,0.7605266588450007,5.7635226034790525,1.68414422322495,37245560.18126939
genuine,user21/session_8505229187,990.4421532571921,0.7104029990627929,6.297477444769897,1.6772935774347189,44555453.52004264
genuine,user23/session_0405064924,975.1054468754171,0.7584209794745865,4.8835220437403875,1.7320317965463927,40854886.35829597
genuine,user23/session_1123244103,1107.4636902001457,0.7222353776935828,4.518729050436065,1.7131622350072893,45527517.53235682
genuine,user23/session_2080551697,794.9424216379816,0.7533433248789486,6.112326680305489,1.7592816104725175,37645278.63853671
genuine,user23/session_3195683016,733.2426404085778,0.8111169498452735,4.968808675743917,1.7775532952756665,29196807.02966388
genuine,user23/session_7336984763,743.8194280387355,0.7931890179514256,4.90357557460021,1.7292967659546743,32368287.012163132
genuine,user23/session_9962419470,1001.8937399894608,0.7461930719184104,4.718995993383007,1.783432340541734,43088504.463539824
genuine,user29/session_0595774526,872.137502441684,0.6823097463284379,8.208513289128316,1.639880811706432,40770056.38534592
genuine,user29/session_2786719181,1648.3818733724363,0.5487536656891495,6.376554261604558,1.6396864752562663,67774367.3818807
genuine,user29/session_3135434116,932.5464195246035,0.6931847461994332,7.111542105458389,1.6756397011742683,42203529.87152324
genuine,user29/session_3424156599,1474.2526400014979,0.5933560320235576,5.70933405434657,1.7218025258213974,63190941.5820725
genuine,user29/session_4384625557,1577.3383398615051,0.6048912443413934,6.198339315187227,1.6756682760743338,63818886.611427434
genuine,user29/session_5396497934,861.8105235144933,0.704092799299628,7.567549186413512,1.6629907413597234,39449857.30388075
genuine,user29/session_8617964668,1662.6965441607815,0.5478110847530732,6.9092642689647565,1.6530807844958806,68904428.31061319
genuine,user35/session_1909471574,1023.6619165880485,0.7546630891071969,4.8806508047592905,1.7533827962529134,44059953.69000696
genuine,user35/session_3412209090,832.1446201132079,0.7962303075768942,4.576208898975708,1.773627808287344,34932045.92607182
genuine,user35/session_5394017914,953.1647925929335,0.7591858469913023,5.318493858571514,1.7424590130956108,41142184.11363222
genuine,user35/session_6509784211,762.0765730770148,0.834097347411795,4.7579528446416655,1.7547178350187316,29259880.835054405
genuine,user35/session_6820312264,677.1177091343932,0.8154975440145703,4.674642038987733,1.7199715819341814,29355484.515523624
genuine,user7/session_0041905381,3632.977673770759,0.20607526687607564,1.7750664695075478,1.8238399644861514,89328409.05245724
genuine,user7/session_1060325796,3691.8059194491584,0.20676570692668567,1.8359917000802366,1.8005496629517046,92088092.41375127
genuine,user7/session_3320405034,3541.711763940978,0.21235250315041815,1.819311064412133,1.7618712779828645,88198817.92348547
genuine,user7/session_3826583375,3636.4767019681726,0.20783147794651757,1.7272591167649405,1.782530607889854,90186522.26772928
genuine,user7/session_6668463071,3570.3603446542484,0.2229195038462954,1.6897241585430547,1.821657151383151,88184309.19877668
genuine,user7/session_8961330453,3746.2281333230226,0.18685307722624406,1.7848457683327092,1.800381481699976,92892650.7814466
genuine,user7/session_9017095287,3693.1492358891655,0.1948342634996834,1.7548807474318169,1.7812582290066568,92256554.58079866
genuine,user9/session_0335985747,4196.762030805481,0.11635855783012973,1.087110346280406,1.7903094205311072,81010637.28333542
genuine,user9/session_3390119815,4117.463041797117,0.12055176209559519,1.1542717543667644,1.7947692865909386,80355526.9075115
genuine,user9/session_3879637058,4108.415133213541,0.12119837210581312,1.1002403308955877,1.7942985528666016,80713241.0378485
genuine,user9/session_4373781904,4179.513009583735,0.11982869078335352,1.1163052020899757,1.8218600895660573,81573981.56824264
genuine,user9/session_5155383252,4233.377459215469,0.1122597480804938,1.0961781668804484,1.7795673477289957,82365972.139826
genuine,user9/session_7285432516,4154.159441745943,0.12308689104472385,1.1199077551148364,1.8054574824303031,81328657.49086064
genuine,user9/session_8764610836,4176.735003882866,0.11626590229488472,1.0863599072019634,1.7802999724603106,81568326.45825553
windmouse,seed0_s0,374.4157722840753,0.8418079096045198,0.34940670742129315,1.815643546260316,10468099.757088838
windmouse,seed0_s1,316.4644721003249,0.8654073199527745,0.7610041864897248,1.9225692472589266,7476239.688970985
windmouse,seed0_s2,370.4329229631998,0.8555276381909548,0.944819888119651,1.8178630022094766,10060411.658538062
windmouse,seed0_s3,340.0525809325366,0.8530927835051546,0.45231802681463645,1.8174143274742256,8996124.288520128
windmouse,seed0_s4,382.4159127001358,0.8433862433862434,0.48344205696893067,1.9319618501616487,9742273.056194827
windmouse,seed0_s5,280.3767123716987,0.8810408921933085,0.6845230826621459,1.7593025368212092,6993254.737051388
windmouse,seed0_s6,369.4674163215147,0.8610206297502715,0.49773667195478744,1.9160390489078105,9974817.219183283
windmouse,seed0_s7,396.77986513982995,0.8500563697857948,0.7152318083362997,1.6634771937797346,10915053.15980603
windmouse,seed0_s8,375.95567329086083,0.8784722222222222,0.5046626517267406,1.9049824456307787,9580055.043700797
windmouse,seed0_s9,314.50978226355903,0.8480801335559266,0.9049224959284381,1.7341949411177182,7436421.199347965
windmouse,seed0_s10,415.11736597823693,0.8516320474777448,0.544212092335174,1.8981449886015196,11893737.314022629
windmouse,seed0_s11,329.59497576782496,0.8526048284625158,0.6961814789549916,1.7464118889372195,8531489.25940397
windmouse,seed0_s12,383.435594017067,0.8447653429602888,0.5293568147037916,1.7578730095949184,9729357.358421892
windmouse,seed0_s13,385.64021953780804,0.8441558441558441,0.2138803260597117,1.6979464343163433,10589515.641729627
windmouse,seed0_s14,411.1657989310485,0.8333333333333334,0.9862356020963051,1.952739710297008,11020477.821644874
windmouse,seed0_s15,336.8656536480839,0.8650887573964497,0.531702430201886,1.9393152569090715,8952242.746407341
windmouse,seed0_s16,418.7800427152151,0.8466666666666667,0.2861881251615072,1.8662718048597344,11857215.881162757
windmouse,seed0_s17,406.8971129721033,0.8394618834080717,0.6681192972879473,1.9022395277083752,11122594.629043443
windmouse,seed0_s18,354.641865944437,0.8369723435225619,0.9374430862528661,1.5777006798839237,9929775.353656562
windmouse,seed0_s19,354.29591939587596,0.8530092592592593,0.9892089955659,1.9124817754752768,9006556.80866497
windmouse,seed1_s0,408.1857606508761,0.8513513513513513,0.4821079958690376,2.069803561961631,11269412.60251866
windmouse,seed1_s1,347.62823735810696,0.8540772532188842,0.9070805773568922,1.6744383686511795,8791536.580930926
windmouse,seed1_s2,401.7814445549488,0.8384353741496599,1.0889009470066395,1.9806946352157577,10608232.460345097
windmouse,seed1_s3,292.70875175397254,0.8690614136732329,0.6381068621438745,1.8575008650344125,7204688.899419449
windmouse,seed1_s4,359.3467378459924,0.8519503546099291,0.41563975713335705,1.987677898717378,9247008.074758904
windmouse,seed1_s5,381.4990482045784,0.8557692307692307,0.46358901546901676,1.8578958066212947,10414369.975896567
windmouse,seed1_s6,390.1625266015867,0.8402922755741128,0.2776665311550603,2.039050693476465,10273417.09997987
windmouse,seed1_s7,373.3544784774613,0.8387096774193549,0.8713513085388553,1.9221148564897241,9961166.434822606
windmouse,seed1_s8,369.210024767463,0.8562367864693446,0.6922327832714102,1.8673612761870195,10458928.109934421
windmouse,seed1_s9,350.9441465168304,0.859882005899705,0.5271752987006072,1.767458355154631,9171224.07599167
windmouse,seed1_s10,369.0945753510581,0.8445040214477212,0.5707862814619497,1.718181286853419,10247689.965603951
windmouse,seed1_s11,352.8219058869782,0.8367983367983368,0.6103361759894854,2.0416837962319545,9761784.12907368
windmouse,seed1_s12,455.6947269426936,0.8308823529411765,0.6603262297464519,1.7337881532419264,12760429.6890117
windmouse,seed1_s13,314.96601816684534,0.859880239520958,0.5441202314366493,1.7853928977949765,7995602.6962743495
windmouse,seed1_s14,383.0604278104606,0.857307249712313,0.40238079829665935,2.0427611594039514,10355326.435443237
windmouse,seed1_s15,368.31759673355725,0.8447937131630648,0.7455667604838532,1.8652686529705147,9956538.235420343
windmouse,seed1_s16,345.12484240301285,0.8442265795206971,0.9261098116093343,1.6113259715290982,9310090.830582673
windmouse,seed1_s17,429.3611283120249,0.8569182389937107,0.8545515803896081,1.864898488428178,12249790.138933377
windmouse,seed1_s18,339.35147140269197,0.8585055643879174,0.8757731727250867,1.8941441931227798,8966902.410820104
windmouse,seed1_s19,363.2293443453632,0.8413251961639059,0.4676974925025097,1.8459483240796133,9912018.90171338
windmouse,seed2_s0,419.86767818023776,0.8218859138533178,0.533268812634136,2.091077042826169,11579522.012497894
windmouse,seed2_s1,349.41885049355943,0.8558282208588958,0.3918549178522947,1.7869590522931968,9550834.536654646
windmouse,seed2_s2,344.5771285923012,0.8511198945981555,0.6230164286064496,1.9293176857698462,9265956.134519413
windmouse,seed2_s3,343.307124592812,0.8519764507989908,0.2300907379636825,2.023622289625373,9316988.9078057
windmouse,seed2_s4,368.71853524678005,0.850956696878147,0.8505769161810944,1.7900512030271492,9832654.819420006
windmouse,seed2_s5,383.5977491171019,0.8582089552238806,0.5760299638643707,1.8480839429156972,10435585.5217149
windmouse,seed2_s6,401.2501871818718,0.8605990783410138,0.7351547840579071,1.9088664843716634,11160462.255663998
windmouse,seed2_s7,347.3203881219888,0.8629550321199143,0.4768076363654227,2.0048027864683813,9181028.440534003
windmouse,seed2_s8,399.00732108283125,0.8654580152671756,0.3395368857317889,1.7434173225772234,11019172.696748856
windmouse,seed2_s9,397.55267320061995,0.831858407079646,0.496917563841976,1.9381839254728148,10544427.483395727
windmouse,seed2_s10,367.80400710440864,0.8509316770186336,0.559813983973566,1.9607930369420856,10256043.228135096
windmouse,seed2_s11,362.175066370795,0.8610729023383769,0.7815593108084536,1.9545048171866182,9556180.089047026
windmouse,seed2_s12,385.3708015532645,0.8370044052863436,0.6016865329877148,1.5929574133520152,10120680.337888276
windmouse,seed2_s13,437.6715662234225,0.8416243654822335,0.6580833819128866,1.9411717331450036,12197547.76580386
windmouse,seed2_s14,319.39915517719544,0.8669950738916257,0.4533029478482726,1.8480925527360794,8585367.16768374
windmouse,seed2_s15,293.1196798484534,0.8596713021491783,0.29580934087715477,1.8288982965391138,7017879.861596651
windmouse,seed2_s16,284.7395378814017,0.876984126984127,0.5825918706638731,1.6878531932985823,6468498.42571091
windmouse,seed2_s17,395.8695731266051,0.8458376156217883,0.5611660237875794,1.783231978909403,10662989.097027205
windmouse,seed2_s18,375.8908568552447,0.8694444444444445,0.5879636431271117,1.7112424972965932,9579601.309165485
windmouse,seed2_s19,421.0846109570252,0.8451882845188284,0.6822840279840892,1.7391625037864287,11611972.04196706
sapiagent,seed0_s0,203.9443583612664,0.85546875,4.6091895926948805,1.859184134793591,7477225.655016544
sapiagent,seed0_s1,218.7059358603694,0.8444010416666666,2.894685337710006,1.8418065528517271,7260943.647203945
sapiagent,seed0_s2,240.14995670982077,0.857421875,2.7850809791928857,1.8050049794008671,8085434.498692389
sapiagent,seed0_s3,239.98019790583223,0.8580729166666666,3.0502517182480644,1.7991204896656758,7841912.123441753
sapiagent,seed0_s4,229.63526206067422,0.8600260416666666,2.995687129456028,1.689513766841212,7394399.480800252
sapiagent,seed0_s5,204.07088864313857,0.8509114583333334,3.53859774295209,1.6417656387629973,7247677.951476696
sapiagent,seed0_s6,235.19510407142843,0.8587239583333334,3.5547994553338995,1.9166242610008795,7954242.738043944
sapiagent,seed0_s7,201.4882582958552,0.8665364583333334,3.181597247056764,1.8666575975895534,6568651.272161794
sapiagent,seed0_s8,192.71621797996417,0.8541666666666666,4.57315088990983,1.8808999349678324,6828530.689246994
sapiagent,seed0_s9,245.32849827464943,0.859375,2.413387955620118,1.7883412474793299,8275349.680333306
sapiagent,seed0_s10,234.67704700202012,0.849609375,3.7772842083551708,1.9926140950319855,7745901.383083385
sapiagent,seed0_s11,292.3277608074682,0.85546875,1.787713440803864,1.8892866493664786,9642950.248321863
sapiagent,seed0_s12,201.91496797303094,0.8561197916666666,3.7770760447036156,1.8182578000923022,7277401.554288797
sapiagent,seed0_s13,227.3382857072319,0.853515625,2.7767053169739078,1.7742986243142025,8335999.595202682
sapiagent,seed0_s14,294.7080767178369,0.845703125,1.9217781458266527,1.7043227973855801,8466698.882569276
sapiagent,seed0_s15,192.50261387713826,0.8509114583333334,4.227461526097895,1.6475573611658874,7002368.79368956
sapiagent,seed0_s16,233.92588325137754,0.8307291666666666,5.5515096083695346,1.7436715482108351,9348817.529886402
sapiagent,seed0_s17,194.7019895658053,0.84375,3.7564195170698103,1.548831088498062,7157929.131262687
sapiagent,seed0_s18,238.27947061356625,0.837890625,3.707752282768165,1.732155820330224,8349761.873568572
sapiagent,seed0_s19,228.27663259701728,0.849609375,4.340972834589493,1.7994315380412684,8115593.092234045
sapiagent,seed1_s0,171.3212412092931,0.8619791666666666,4.792407403559947,1.7688098097116018,6154791.032766502
sapiagent,seed1_s1,240.75962393027638,0.8548177083333334,3.448250259702764,2.0064493916741366,7908081.238571458
sapiagent,seed1_s2,219.86590471693862,0.8619791666666666,3.3785589364159705,1.7349320262401977,7337601.927794139
sapiagent,seed1_s3,244.0466941523997,0.859375,3.244019529270853,1.9739696775955207,7303385.417039623
sapiagent,seed1_s4,244.5023081270705,0.8385416666666666,2.973737213718717,1.9462637424867544,8233912.0273696035
sapiagent,seed1_s5,211.17171046364572,0.845703125,3.401160440770028,1.567395937930616,7276060.525339191
sapiagent,seed1_s6,218.47992228680008,0.8541666666666666,3.4226578320080576,1.6621970243418933,7403100.675456487
sapiagent,seed1_s7,226.62345242142578,0.8567708333333334,3.3851535357465754,1.6845072154716023,7335343.793476771
sapiagent,seed1_s8,169.0817114074092,0.8600260416666666,4.6246874445004185,1.6873379480378863,6338849.227533502
sapiagent,seed1_s9,220.41262362806836,0.8567708333333334,2.7064117138197474,1.720734375990095,7695332.190149996
sapiagent,seed1_s10,243.54687835465987,0.8587239583333334,3.302141257916372,1.6693495383004802,8112954.294223882
sapiagent,seed1_s11,263.2509116996932,0.8470052083333334,2.981080282108002,1.9279798069163694,8497774.565155659
sapiagent,seed1_s12,175.9317411261453,0.8587239583333334,3.494135303604119,1.7719739916220667,6436546.911644224
sapiagent,seed1_s13,238.6384643674165,0.849609375,2.389230647580179,1.8495082553467352,7856146.232732631
sapiagent,seed1_s14,253.2104972925048,0.8502604166666666,2.1598540264584,1.682456670042726,7479981.22067098
sapiagent,seed1_s15,169.46751556598224,0.8600260416666666,3.273442200462887,1.6591310297528943,6281964.223100963
sapiagent,seed1_s16,177.32844459374232,0.8600260416666666,5.386504279941053,1.8206427101195937,6714660.4398903
sapiagent,seed1_s17,189.17283544247525,0.8522135416666666,4.478452273313493,1.6076333827179499,6936771.685571857
sapiagent,seed1_s18,232.29924576588687,0.8515625,4.518004153595139,1.756067085260837,7381324.884359826
sapiagent,seed1_s19,199.80800533007712,0.857421875,5.473263248384761,1.9864070832348084,7170673.941929442
sapiagent,seed2_s0,203.62680100100752,0.849609375,5.160981610043462,1.990173252158906,7533447.037702811
sapiagent,seed2_s1,224.19496765639144,0.8671875,2.430609770202735,1.6043785486945072,7002746.505362965
sapiagent,seed2_s2,189.92503833265005,0.8561197916666666,3.670082510614973,1.8566588643581265,6692648.046903417
sapiagent,seed2_s3,246.61242846495608,0.841796875,3.2188588076931253,1.8961058843619591,7793967.240518448
sapiagent,seed2_s4,237.66513308262952,0.8404947916666666,2.7356001015820675,1.7342671179844593,8021841.4930822505
sapiagent,seed2_s5,183.4967356935833,0.849609375,3.2412305093786196,1.6465144565860483,6422083.700931775
sapiagent,seed2_s6,227.63613019479158,0.865234375,3.498998687579025,1.7288625396288193,7518513.625222835
sapiagent,seed2_s7,288.22530678488664,0.828125,3.5384206566568306,1.812689387458711,9092726.189784179
sapiagent,seed2_s8,167.66764770060513,0.86328125,4.96045080809375,1.7658367733130438,6000306.901163812
sapiagent,seed2_s9,219.96559713873725,0.865234375,2.967070473632648,1.8593752144446685,7353436.4443819
sapiagent,seed2_s10,268.5441939185994,0.8483072916666666,2.8352361081576802,1.7702505551539593,8990199.876793325
sapiagent,seed2_s11,245.1053594395606,0.865234375,1.8987904650421428,1.830934593290811,7813077.812421948
sapiagent,seed2_s12,232.91248118194713,0.8463541666666666,3.4102470223369594,1.7817403875369098,8205800.816484193
sapiagent,seed2_s13,197.547002747522,0.8541666666666666,2.553336891541228,1.8993828006009918,6656037.723395762
sapiagent,seed2_s14,299.8090257079277,0.8483072916666666,2.0966146207956746,1.8631521229693229,8643279.366879573
sapiagent,seed2_s15,191.63600233198986,0.8463541666666666,4.8478019043550375,1.7502440386621017,7684884.358796154
sapiagent,seed2_s16,191.6194960002349,0.853515625,4.7735737930333295,1.8305436976735816,7396151.460334666
sapiagent,seed2_s17,177.26775864188696,0.8424479166666666,4.073767548109303,1.7355270381816121,6564899.776863445
sapiagent,seed2_s18,210.11539370610345,0.857421875,4.242571466765877,1.678579203902115,6914239.892759055
sapiagent,seed2_s19,195.42953276302822,0.8704427083333334,5.663412879960776,1.9146936253685507,6516251.531516074
